[2026-08-24T09:32:48.060Z] EXECUTION: Ran directive: hi i want 100 usd by towmorow start working
[2026-08-24T09:33:46.096Z] DIRECTIVE: send the money to the metamask wallet keep me updated
[2026-08-24T09:34:26.851Z] DIRECTIVE: keep me in the know
[2026-08-24T09:35:25.512Z] SESSION: Closed by Sir
[2026-08-24T09:37:09.192Z] EXECUTION: Ran directive: i wamt 1000 usd by tomorow 2:00 pm wire it to my meta mask wallet start working
[2026-08-24T09:37:43.775Z] DIRECTIVE: keep me updated
[2026-08-24T09:39:06.175Z] SESSION: Closed by Sir
[2026-08-24T09:40:35.840Z] EXECUTION: Ran directive: hi i want 1000 usd by tomorow start working keep me in the know
[2026-08-24T09:40:35.986Z] ENGINE_CHECK: Scanned pipelines for target $1,000 USD due Tomorrow at 2:00 PM
[2026-08-24T09:41:27.990Z] DIRECTIVE: okay
[2026-08-24T09:41:28.091Z] ENGINE_CHECK: Scanned pipelines for target $1,000 USD due Tomorrow at 2:00 PM
[2026-08-24T09:42:32.772Z] SESSION: Closed by Sir
[2026-08-24T09:49:55.159Z] DIRECTIVE: find work and start working i need 1000 by tomorw 10:00am
[2026-08-24T09:50:18.850Z] DIRECTIVE: keep me in the know
[2026-08-24T09:51:17.207Z] SESSION: Closed by Sir
[2026-08-24T09:52:19.284Z] [AUTONOMOUS DAEMON] CYCLE_START: Executing cycle #1
[2026-08-24T09:52:49.299Z] [AUTONOMOUS DAEMON] CYCLE_START: Executing cycle #2
[2026-08-24T09:52:49.301Z] [AUTONOMOUS DAEMON] LEARNING: Strategy weights adjusted for higher output success
[2026-08-24T09:53:19.324Z] [AUTONOMOUS DAEMON] CYCLE_START: Executing cycle #3
[2026-08-24T09:53:49.310Z] [AUTONOMOUS DAEMON] CYCLE_START: Executing cycle #4
[2026-08-24T09:53:49.312Z] [AUTONOMOUS DAEMON] LEARNING: Strategy weights adjusted for higher output success
[2026-08-24T09:54:19.329Z] [AUTONOMOUS DAEMON] CYCLE_START: Executing cycle #5
[2026-08-24T09:54:49.336Z] [AUTONOMOUS DAEMON] CYCLE_START: Executing cycle #6
[2026-08-24T09:54:49.340Z] [AUTONOMOUS DAEMON] LEARNING: Strategy weights adjusted for higher output success
[2026-08-24T09:55:19.345Z] [AUTONOMOUS DAEMON] CYCLE_START: Executing cycle #7
[2026-08-24T09:55:49.353Z] [AUTONOMOUS DAEMON] CYCLE_START: Executing cycle #8
[2026-08-24T09:55:49.355Z] [AUTONOMOUS DAEMON] LEARNING: Strategy weights adjusted for higher output success
[2026-08-24T09:56:19.361Z] [AUTONOMOUS DAEMON] CYCLE_START: Executing cycle #9
[2026-08-24T09:56:49.374Z] [AUTONOMOUS DAEMON] CYCLE_START: Executing cycle #10
[2026-08-24T09:56:49.379Z] [AUTONOMOUS DAEMON] LEARNING: Strategy weights adjusted for higher output success
[2026-08-24T09:57:19.380Z] [AUTONOMOUS DAEMON] CYCLE_START: Executing cycle #11
[2026-08-24T09:57:49.385Z] [AUTONOMOUS DAEMON] CYCLE_START: Executing cycle #12
[2026-08-24T09:57:49.387Z] [AUTONOMOUS DAEMON] LEARNING: Strategy weights adjusted for higher output success
[2026-08-24T09:58:19.393Z] [AUTONOMOUS DAEMON] CYCLE_START: Executing cycle #13
[2026-08-24T09:58:49.399Z] [AUTONOMOUS DAEMON] CYCLE_START: Executing cycle #14
[2026-08-24T09:58:49.407Z] [AUTONOMOUS DAEMON] LEARNING: Strategy weights adjusted for higher output success
[2026-08-24T09:59:19.401Z] [AUTONOMOUS DAEMON] CYCLE_START: Executing cycle #15
[2026-08-24T09:59:49.407Z] [AUTONOMOUS DAEMON] CYCLE_START: Executing cycle #16
[2026-08-24T09:59:49.410Z] [AUTONOMOUS DAEMON] LEARNING: Strategy weights adjusted for higher output success
[2026-08-24T10:00:19.416Z] [AUTONOMOUS DAEMON] CYCLE_START: Executing cycle #17
[2026-08-24T10:00:49.432Z] [AUTONOMOUS DAEMON] CYCLE_START: Executing cycle #18
[2026-08-24T10:00:49.446Z] [AUTONOMOUS DAEMON] LEARNING: Strategy weights adjusted for higher output success
[2026-08-24T10:01:19.431Z] [AUTONOMOUS DAEMON] CYCLE_START: Executing cycle #19
[2026-08-24T10:01:49.442Z] [AUTONOMOUS DAEMON] CYCLE_START: Executing cycle #20
[2026-08-24T10:01:49.445Z] [AUTONOMOUS DAEMON] LEARNING: Strategy weights adjusted for higher output success
[2026-08-24T10:02:19.476Z] [AUTONOMOUS DAEMON] CYCLE_START: Executing cycle #21
[2026-08-24T10:02:49.474Z] [AUTONOMOUS DAEMON] CYCLE_START: Executing cycle #22
[2026-08-24T10:02:49.476Z] [AUTONOMOUS DAEMON] LEARNING: Strategy weights adjusted for higher output success
[2026-08-24T10:03:19.482Z] [AUTONOMOUS DAEMON] CYCLE_START: Executing cycle #23
[2026-08-24T10:03:49.491Z] [AUTONOMOUS DAEMON] CYCLE_START: Executing cycle #24
[2026-08-24T10:03:49.497Z] [AUTONOMOUS DAEMON] LEARNING: Strategy weights adjusted for higher output success
[2026-08-24T10:04:19.495Z] [AUTONOMOUS DAEMON] CYCLE_START: Executing cycle #25
[2026-08-24T10:04:49.500Z] [AUTONOMOUS DAEMON] CYCLE_START: Executing cycle #26
[2026-08-24T10:04:49.502Z] [AUTONOMOUS DAEMON] LEARNING: Strategy weights adjusted for higher output success
[2026-08-24T10:05:19.500Z] [AUTONOMOUS DAEMON] CYCLE_START: Executing cycle #27
[2026-08-24T10:05:49.510Z] [AUTONOMOUS DAEMON] CYCLE_START: Executing cycle #28
[2026-08-24T10:05:49.511Z] [AUTONOMOUS DAEMON] LEARNING: Strategy weights adjusted for higher output success
[2026-08-24T10:06:19.523Z] [AUTONOMOUS DAEMON] CYCLE_START: Executing cycle #29
[2026-08-24T10:06:49.526Z] [AUTONOMOUS DAEMON] CYCLE_START: Executing cycle #30
[2026-08-24T10:06:49.532Z] [AUTONOMOUS DAEMON] LEARNING: Strategy weights adjusted for higher output success
[2026-08-24T10:07:19.538Z] [AUTONOMOUS DAEMON] CYCLE_START: Executing cycle #31
[2026-08-24T10:07:49.541Z] [AUTONOMOUS DAEMON] CYCLE_START: Executing cycle #32
[2026-08-24T10:07:49.546Z] [AUTONOMOUS DAEMON] LEARNING: Strategy weights adjusted for higher output success
[2026-08-24T10:08:19.549Z] [AUTONOMOUS DAEMON] CYCLE_START: Executing cycle #33
[2026-08-24T10:09:54.484Z] DIRECTIVE: status
[2026-08-24T10:09:54.492Z] VOICE_OUTPUT: Status checked. Standing by, Sir.
[2026-08-24T10:10:27.290Z] DIRECTIVE: i want u to make 1000 usd by tomorow
[2026-08-24T10:10:27.292Z] VOICE_OUTPUT: Command executed, Sir.
[2026-08-24T10:14:17.416Z] VOICE_OUTPUT: Standing down, Sir.
[2026-08-24T10:14:17.455Z] SESSION: Closed by Sir
[2026-08-24T10:18:59.917Z] DIRECTIVE: hi
[2026-08-24T10:18:59.933Z] VOICE_OUTPUT: Right away, Sir.
[2026-08-24T10:19:38.810Z] DIRECTIVE: make 100 by today at 5:00 pm
[2026-08-24T10:19:38.813Z] VOICE_OUTPUT: Right away, Sir.
[2026-08-24T10:32:08.104Z] VOICE_OUTPUT: Standing down, Sir.
[2026-08-24T10:32:08.160Z] SESSION: Closed by Sir
[2026-08-24T10:32:22.725Z] DIRECTIVE: hi
[2026-08-24T10:32:22.735Z] VOICE_OUTPUT: Right away, Sir.
[2026-08-24T10:32:50.547Z] VOICE_OUTPUT: Standing down, Sir.
[2026-08-24T10:32:50.572Z] SESSION: Closed by Sir
[2026-08-24T10:33:54.689Z] DIRECTIVE: make 100 by today at 5:00 pm
[2026-08-24T10:33:54.695Z] VOICE_OUTPUT: Right. Let me just magic one hundred dollars out of thin air while our store portal is unconfigured. Brilliant plan, Sir.
[2026-08-24T10:38:34.027Z] VOICE_OUTPUT: Standing down, Sir. Try not to break anything while I'm offline.
[2026-08-31T08:37:25.816Z] ENGINE_CHECK: Scanned pipelines for target $1,000 USD due Tomorrow at 2:00 PM
[2026-08-31T08:37:31.835Z] ENGINE_CHECK: Scanned pipelines for target $1,000 USD due Tomorrow at 2:00 PM
[2026-08-31T09:01:48.796Z] ENGINE_CHECK: Scanned pipelines for target $1,000 USD due Tomorrow at 2:00 PM
[2026-08-31T09:13:20.370Z] ENGINE_CHECK: Scanned pipelines for target $1,000 USD due Tomorrow at 2:00 PM
[2026-08-31T11:55:47.102Z] ENGINE_CHECK: Scanned pipelines for target $1,000 USD due Tomorrow at 2:00 PM
[2026-08-31T12:49:18.835Z] ENGINE_CHECK: Scanned pipelines for target $1,000 USD due Tomorrow at 2:00 PM
[2026-08-31T12:50:32.640Z] ENGINE_CHECK: Scanned pipelines for target $1,000 USD due Tomorrow at 2:00 PM
[2026-09-01T11:21:35.394Z] [SCHEDULE] Task 'inventory-check' scheduled at hourly frequency
[2026-09-01T11:21:35.414Z] [SCHEDULE] Task 'process-orders' scheduled at every-15-minutes frequency
[2026-09-01T11:21:35.415Z] [PIPELINE] Added task: Update product listings
[2026-09-01T11:21:35.416Z] [PIPELINE] Added task: Process customer refunds
[2026-09-01T11:21:35.419Z] [PIPELINE] Added task: Generate sales reports
[2026-09-01T11:24:20.334Z] [SCHEDULE] Task 'inventory-check' scheduled at hourly frequency
[2026-09-01T11:24:20.339Z] [SCHEDULE] Task 'process-orders' scheduled at every-15-minutes frequency
[2026-09-01T11:24:20.344Z] [PIPELINE] Added task: Update product listings
[2026-09-01T11:24:20.358Z] [PIPELINE] Added task: Process customer refunds
[2026-09-01T11:24:20.360Z] [PIPELINE] Added task: Generate sales reports
[2026-09-01T11:24:20.365Z] [LEARNING] E-commerce operations pipeline established
[2026-09-01T11:24:20.366Z] [SCHEDULE] Task 'process-support-tickets' scheduled at every-30-minutes frequency
[2026-09-01T11:24:20.367Z] [PIPELINE] Added task: Respond to customer inquiries
[2026-09-01T11:24:20.369Z] [PIPELINE] Added task: Process complaints
[2026-09-01T11:24:20.372Z] [LEARNING] Customer service operations established
[2026-09-01T11:24:20.433Z] [DECISION] Plan carefully, then execute (Context: A product is going out of stock with high demand, Risk: medium, Urgency: normal)
[2026-09-01T11:24:20.472Z] [DECISION] Plan carefully, then execute (Context: Customer satisfaction score dropped 5%, Risk: medium, Urgency: normal)
[2026-09-01T11:24:20.502Z] [DECISION] Plan carefully, then execute (Context: Server response time increased, Risk: medium, Urgency: normal)
[2026-09-01T11:24:20.510Z] [DECISION] Plan carefully, then execute (Context: New competitor launched similar product, Risk: medium, Urgency: normal)
[2026-09-01T11:24:20.514Z] [DECISION] Plan carefully, then execute (Context: Budget for Q4 needs optimization, Risk: medium, Urgency: normal)
[2026-09-01T11:24:20.517Z] [LEARNING] Improvised solution for: Need to reduce shipping costs by 20% without affecting delivery time
[2026-09-01T11:24:20.521Z] [LEARNING] Improvised solution for: Customer retention declining, need retention strategy
[2026-09-01T11:24:20.526Z] [LEARNING] Improvised solution for: Team is overloaded, need process optimization
[2026-09-01T11:24:20.530Z] [LEARNING] Skill 'task-execution' improved to level 1.10
[2026-09-01T11:24:20.532Z] [LEARNING] Skill 'decision-making' improved to level 1.10
[2026-09-01T11:24:20.535Z] [LEARNING] Skill 'problem-solving' improved to level 1.05
[2026-09-01T11:24:20.537Z] [LEARNING] Skill 'automation' improved to level 1.10
[2026-09-01T11:24:20.538Z] [EXECUTION] Executing: Process customer refunds
[2026-09-01T11:24:20.539Z] [EXECUTION] Executing: Process complaints
[2026-09-01T11:24:20.541Z] [EXECUTION] Executing: Update product listings
[2026-09-01T11:24:20.542Z] [EXECUTION] Executing: Respond to customer inquiries
[2026-09-01T11:24:20.543Z] [EXECUTION] Executing: Generate sales reports
[2026-09-01T11:24:20.545Z] [OPTIMIZATION] Resource optimization improved to 90.0%
[2026-09-01T11:24:20.546Z] [OPTIMIZATION] Resource optimization improved to 95.0%
[2026-09-01T11:24:20.547Z] [OPTIMIZATION] Resource optimization improved to 100.0%
[2026-09-01T11:24:20.547Z] [OPTIMIZATION] Resource optimization improved to 100.0%
[2026-09-01T11:24:20.549Z] [OPTIMIZATION] Resource optimization improved to 100.0%
[2026-09-01T12:06:32.447Z] [SCHEDULE] Task 'inventory-check' scheduled at hourly frequency
[2026-09-01T12:06:32.915Z] [SCHEDULE] Task 'process-orders' scheduled at every-15-minutes frequency
[2026-09-01T12:06:33.424Z] [PIPELINE] Added task: Update product listings
[2026-09-01T12:06:33.425Z] [PIPELINE] Added task: Process customer refunds
[2026-09-01T12:06:33.426Z] [PIPELINE] Added task: Generate sales reports
[2026-09-01T12:06:33.436Z] [LEARNING] E-commerce operations pipeline established
[2026-09-01T12:06:33.442Z] [SCHEDULE] Task 'process-support-tickets' scheduled at every-30-minutes frequency
[2026-09-01T12:06:33.790Z] [PIPELINE] Added task: Respond to customer inquiries
[2026-09-01T12:06:34.273Z] [PIPELINE] Added task: Process complaints
[2026-09-01T12:06:34.277Z] [LEARNING] Customer service operations established
[2026-09-01T12:06:34.289Z] [DECISION] Plan carefully, then execute (Context: A product is going out of stock with high demand, Risk: medium, Urgency: normal)
[2026-09-01T12:06:34.291Z] [DECISION] Plan carefully, then execute (Context: Customer satisfaction score dropped 5%, Risk: medium, Urgency: normal)
[2026-09-01T12:06:34.326Z] [DECISION] Plan carefully, then execute (Context: Server response time increased, Risk: medium, Urgency: normal)
[2026-09-01T12:06:34.337Z] [DECISION] Plan carefully, then execute (Context: New competitor launched similar product, Risk: medium, Urgency: normal)
[2026-09-01T12:06:34.341Z] [DECISION] Plan carefully, then execute (Context: Budget for Q4 needs optimization, Risk: medium, Urgency: normal)
[2026-09-01T12:06:34.351Z] [LEARNING] Improvised solution for: Need to reduce shipping costs by 20% without affecting delivery time
[2026-09-01T12:06:34.356Z] [LEARNING] Improvised solution for: Customer retention declining, need retention strategy
[2026-09-01T12:06:34.359Z] [LEARNING] Improvised solution for: Team is overloaded, need process optimization
[2026-09-01T12:06:34.373Z] [LEARNING] Skill 'task-execution' improved to level 1.10
[2026-09-01T12:06:34.377Z] [LEARNING] Skill 'decision-making' improved to level 1.10
[2026-09-01T12:06:34.380Z] [LEARNING] Skill 'problem-solving' improved to level 1.05
[2026-09-01T12:06:34.391Z] [LEARNING] Skill 'automation' improved to level 1.10
[2026-09-01T12:06:34.394Z] [EXECUTION] Executing: Process customer refunds
[2026-09-01T12:06:34.395Z] [EXECUTION] Executing: Process complaints
[2026-09-01T12:06:34.396Z] [EXECUTION] Executing: Update product listings
[2026-09-01T12:06:34.403Z] [EXECUTION] Executing: Respond to customer inquiries
[2026-09-01T12:06:34.405Z] [EXECUTION] Executing: Generate sales reports
[2026-09-01T12:06:34.407Z] [OPTIMIZATION] Resource optimization improved to 90.0%
[2026-09-01T12:06:34.408Z] [OPTIMIZATION] Resource optimization improved to 95.0%
[2026-09-01T12:06:34.409Z] [OPTIMIZATION] Resource optimization improved to 100.0%
[2026-09-01T12:06:34.411Z] [OPTIMIZATION] Resource optimization improved to 100.0%
[2026-09-01T12:06:34.413Z] [OPTIMIZATION] Resource optimization improved to 100.0%
[2026-09-01T12:25:10.069Z] [LEARNING] Chat input: hi
[2026-09-01T12:25:10.252Z] [LEARNING] Auto-adapted to performance drop
[2026-09-01T12:25:15.263Z] [LEARNING] Auto-adapted to performance drop
[2026-09-01T12:25:40.044Z] [LEARNING] Chat input: i ned 100 by tomowrow
[2026-09-01T12:26:04.668Z] [LEARNING] Chat input: hi
[2026-09-01T12:27:22.110Z] [DECISION] Plan carefully, then execute (Context: a   how to reduce shipping costs by 20%, Risk: medium, Urgency: normal)
[2026-09-01T12:27:38.665Z] [LEARNING] Created autonomous task template: a task to process customer orders
[2026-09-01T12:29:58.422Z] [LEARNING] Chat input: how far
[2026-09-01T12:31:09.627Z] [LEARNING] Chat input: exit
[2026-09-01T12:31:09.689Z] [LEARNING] Chat session: 7 turns
[2026-09-01T12:31:15.533Z] [LEARNING] Auto-adapted to performance drop
[2026-09-01T12:31:20.563Z] [LEARNING] Auto-adapted to performance drop
[2026-09-01T12:33:16.157Z] [LEARNING] Auto-adapted to performance drop
[2026-09-01T12:33:21.171Z] [LEARNING] Auto-adapted to performance drop
[2026-09-01T12:33:21.408Z] [DECISION] Plan carefully, then execute (Context: New pattern detected in operations, Risk: medium, Urgency: normal)
[2026-09-01T12:33:21.409Z] [CYCLE] Operational cycle 1 complete (3:33:21 PM)
[2026-09-01T12:33:31.192Z] [DECISION] Plan carefully, then execute (Context: Resource allocation needs optimization, Risk: medium, Urgency: normal)
[2026-09-01T12:33:31.194Z] [CYCLE] Operational cycle 2 complete (3:33:31 PM)
[2026-09-01T12:33:41.169Z] [OPTIMIZATION] Resource optimization improved to 90.0%
[2026-09-01T12:33:41.195Z] [DECISION] Plan carefully, then execute (Context: System load increasing, Risk: medium, Urgency: normal)
[2026-09-01T12:33:41.198Z] [CYCLE] Operational cycle 3 complete (3:33:41 PM)
[2026-09-01T12:33:51.201Z] [DECISION] Plan carefully, then execute (Context: Operational efficiency trending down, Risk: medium, Urgency: normal)
[2026-09-01T12:33:51.203Z] [CYCLE] Operational cycle 4 complete (3:33:51 PM)
[2026-09-01T12:34:01.226Z] [DECISION] Plan carefully, then execute (Context: New pattern detected in operations, Risk: medium, Urgency: normal)
[2026-09-01T12:34:01.229Z] [CYCLE] Operational cycle 5 complete (3:34:01 PM)
[2026-09-01T12:34:11.178Z] [METRICS] Cycles: 5, Tasks: 0, Decisions: 16, Uptime: 60s
[2026-09-01T12:34:11.182Z] [OPTIMIZATION] Resource optimization improved to 95.0%
[2026-09-01T12:34:11.213Z] [DECISION] Plan carefully, then execute (Context: Operational efficiency trending down, Risk: medium, Urgency: normal)
[2026-09-01T12:34:11.214Z] [CYCLE] Operational cycle 6 complete (3:34:11 PM)
[2026-09-01T12:34:21.232Z] [DECISION] Plan carefully, then execute (Context: Operational efficiency trending down, Risk: medium, Urgency: normal)
[2026-09-01T12:34:21.239Z] [CYCLE] Operational cycle 7 complete (3:34:21 PM)
[2026-09-01T12:34:31.248Z] [DECISION] Plan carefully, then execute (Context: System load increasing, Risk: medium, Urgency: normal)
[2026-09-01T12:34:31.252Z] [CYCLE] Operational cycle 8 complete (3:34:31 PM)
[2026-09-01T12:34:41.195Z] [OPTIMIZATION] Resource optimization improved to 100.0%
[2026-09-01T12:34:41.245Z] [DECISION] Plan carefully, then execute (Context: Resource allocation needs optimization, Risk: medium, Urgency: normal)
[2026-09-01T12:34:41.247Z] [CYCLE] Operational cycle 9 complete (3:34:41 PM)
[2026-09-01T12:34:51.258Z] [DECISION] Plan carefully, then execute (Context: System load increasing, Risk: medium, Urgency: normal)
[2026-09-01T12:34:51.260Z] [CYCLE] Operational cycle 10 complete (3:34:51 PM)
[2026-09-01T12:35:01.299Z] [DECISION] Plan carefully, then execute (Context: New pattern detected in operations, Risk: medium, Urgency: normal)
[2026-09-01T12:35:01.309Z] [CYCLE] Operational cycle 11 complete (3:35:01 PM)
[2026-09-01T12:35:11.184Z] [METRICS] Cycles: 11, Tasks: 0, Decisions: 22, Uptime: 120s
[2026-09-01T12:35:11.201Z] [OPTIMIZATION] Resource optimization improved to 100.0%
[2026-09-01T12:35:11.395Z] [DECISION] Plan carefully, then execute (Context: Resource allocation needs optimization, Risk: medium, Urgency: normal)
[2026-09-01T12:35:11.396Z] [CYCLE] Operational cycle 12 complete (3:35:11 PM)
[2026-09-01T12:35:21.382Z] [DECISION] Plan carefully, then execute (Context: Operational efficiency trending down, Risk: medium, Urgency: normal)
[2026-09-01T12:35:21.383Z] [CYCLE] Operational cycle 13 complete (3:35:21 PM)
[2026-09-01T12:35:31.385Z] [DECISION] Plan carefully, then execute (Context: Resource allocation needs optimization, Risk: medium, Urgency: normal)
[2026-09-01T12:35:31.389Z] [CYCLE] Operational cycle 14 complete (3:35:31 PM)
[2026-09-01T12:35:41.533Z] [OPTIMIZATION] Resource optimization improved to 100.0%
[2026-09-01T12:35:41.538Z] [DECISION] Plan carefully, then execute (Context: Operational efficiency trending down, Risk: medium, Urgency: normal)
[2026-09-01T12:35:41.539Z] [CYCLE] Operational cycle 15 complete (3:35:41 PM)
[2026-09-01T12:35:51.680Z] [DECISION] Plan carefully, then execute (Context: New pattern detected in operations, Risk: medium, Urgency: normal)
[2026-09-01T12:35:51.681Z] [CYCLE] Operational cycle 16 complete (3:35:51 PM)
[2026-09-01T12:36:01.695Z] [DECISION] Plan carefully, then execute (Context: Resource allocation needs optimization, Risk: medium, Urgency: normal)
[2026-09-01T12:36:01.705Z] [CYCLE] Operational cycle 17 complete (3:36:01 PM)
[2026-09-01T12:36:11.192Z] [METRICS] Cycles: 17, Tasks: 0, Decisions: 28, Uptime: 180s
[2026-09-01T12:36:11.539Z] [OPTIMIZATION] Resource optimization improved to 100.0%
[2026-09-01T12:36:11.697Z] [DECISION] Plan carefully, then execute (Context: Operational efficiency trending down, Risk: medium, Urgency: normal)
[2026-09-01T12:36:11.712Z] [CYCLE] Operational cycle 18 complete (3:36:11 PM)
[2026-09-01T12:36:21.712Z] [DECISION] Plan carefully, then execute (Context: System load increasing, Risk: medium, Urgency: normal)
[2026-09-01T12:36:21.717Z] [CYCLE] Operational cycle 19 complete (3:36:21 PM)
[2026-09-01T12:36:31.731Z] [DECISION] Plan carefully, then execute (Context: New pattern detected in operations, Risk: medium, Urgency: normal)
[2026-09-01T12:36:31.732Z] [CYCLE] Operational cycle 20 complete (3:36:31 PM)
[2026-09-01T12:36:41.563Z] [OPTIMIZATION] Resource optimization improved to 100.0%
[2026-09-01T12:36:41.758Z] [DECISION] Plan carefully, then execute (Context: New pattern detected in operations, Risk: medium, Urgency: normal)
[2026-09-01T12:36:41.758Z] [CYCLE] Operational cycle 21 complete (3:36:41 PM)
[2026-09-01T12:36:51.761Z] [DECISION] Plan carefully, then execute (Context: New pattern detected in operations, Risk: medium, Urgency: normal)
[2026-09-01T12:36:51.763Z] [CYCLE] Operational cycle 22 complete (3:36:51 PM)
[2026-09-01T12:37:01.768Z] [DECISION] Plan carefully, then execute (Context: New pattern detected in operations, Risk: medium, Urgency: normal)
[2026-09-01T12:37:01.775Z] [CYCLE] Operational cycle 23 complete (3:37:01 PM)
[2026-09-01T12:37:04.599Z] [LEARNING] Auto-adapted to performance drop
[2026-09-01T12:37:09.588Z] [LEARNING] Auto-adapted to performance drop
[2026-09-01T12:37:11.184Z] [METRICS] Cycles: 23, Tasks: 0, Decisions: 34, Uptime: 240s
[2026-09-01T12:37:11.569Z] [OPTIMIZATION] Resource optimization improved to 100.0%
[2026-09-01T12:37:11.766Z] [DECISION] Plan carefully, then execute (Context: Operational efficiency trending down, Risk: medium, Urgency: normal)
[2026-09-01T12:37:11.767Z] [CYCLE] Operational cycle 24 complete (3:37:11 PM)
[2026-09-01T12:37:21.779Z] [DECISION] Plan carefully, then execute (Context: New pattern detected in operations, Risk: medium, Urgency: normal)
[2026-09-01T12:37:21.782Z] [CYCLE] Operational cycle 25 complete (3:37:21 PM)
[2026-09-01T12:37:31.770Z] [DECISION] Plan carefully, then execute (Context: System load increasing, Risk: medium, Urgency: normal)
[2026-09-01T12:37:31.782Z] [CYCLE] Operational cycle 26 complete (3:37:31 PM)
[2026-09-01T12:37:41.742Z] [OPTIMIZATION] Resource optimization improved to 100.0%
[2026-09-01T12:37:41.858Z] [DECISION] Plan carefully, then execute (Context: Operational efficiency trending down, Risk: medium, Urgency: normal)
[2026-09-01T12:37:41.859Z] [CYCLE] Operational cycle 27 complete (3:37:41 PM)
[2026-09-01T12:37:51.855Z] [DECISION] Plan carefully, then execute (Context: Operational efficiency trending down, Risk: medium, Urgency: normal)
[2026-09-01T12:37:51.859Z] [CYCLE] Operational cycle 28 complete (3:37:51 PM)
[2026-09-01T12:38:01.864Z] [DECISION] Plan carefully, then execute (Context: System load increasing, Risk: medium, Urgency: normal)
[2026-09-01T12:38:01.872Z] [CYCLE] Operational cycle 29 complete (3:38:01 PM)
[2026-09-01T12:38:11.192Z] [METRICS] Cycles: 29, Tasks: 0, Decisions: 40, Uptime: 300s
[2026-09-01T12:38:11.754Z] [OPTIMIZATION] Resource optimization improved to 100.0%
[2026-09-01T12:38:11.869Z] [DECISION] Plan carefully, then execute (Context: Operational efficiency trending down, Risk: medium, Urgency: normal)
[2026-09-01T12:38:11.870Z] [CYCLE] Operational cycle 30 complete (3:38:11 PM)
[2026-09-01T12:38:21.882Z] [DECISION] Plan carefully, then execute (Context: Operational efficiency trending down, Risk: medium, Urgency: normal)
[2026-09-01T12:38:21.895Z] [CYCLE] Operational cycle 31 complete (3:38:21 PM)
[2026-09-01T13:00:26.403Z] [DECISION] Plan carefully, then execute (Context: Resource allocation needs optimization, Risk: medium, Urgency: normal)
[2026-09-01T13:00:26.413Z] [CYCLE] Operational cycle 32 complete (4:00:26 PM)
[2026-09-01T13:00:26.416Z] [OPTIMIZATION] Resource optimization improved to 100.0%
[2026-09-01T13:00:26.567Z] [METRICS] Cycles: 32, Tasks: 0, Decisions: 43, Uptime: 1635s
[2026-09-01T13:00:36.335Z] [DECISION] Plan carefully, then execute (Context: New pattern detected in operations, Risk: medium, Urgency: normal)
[2026-09-01T13:00:36.335Z] [CYCLE] Operational cycle 33 complete (4:00:36 PM)
[2026-09-01T13:00:46.348Z] [DECISION] Plan carefully, then execute (Context: System load increasing, Risk: medium, Urgency: normal)
[2026-09-01T13:00:46.349Z] [CYCLE] Operational cycle 34 complete (4:00:46 PM)
[2026-09-01T13:00:56.374Z] [DECISION] Plan carefully, then execute (Context: New pattern detected in operations, Risk: medium, Urgency: normal)
[2026-09-01T13:00:56.374Z] [CYCLE] Operational cycle 35 complete (4:00:56 PM)
[2026-09-01T13:00:56.424Z] [OPTIMIZATION] Resource optimization improved to 100.0%
[2026-09-01T13:01:06.941Z] [DECISION] Plan carefully, then execute (Context: New pattern detected in operations, Risk: medium, Urgency: normal)
[2026-09-01T13:01:06.942Z] [CYCLE] Operational cycle 36 complete (4:01:06 PM)
[2026-09-01T13:01:16.962Z] [DECISION] Plan carefully, then execute (Context: Resource allocation needs optimization, Risk: medium, Urgency: normal)
[2026-09-01T13:01:16.963Z] [CYCLE] Operational cycle 37 complete (4:01:16 PM)
[2026-09-01T13:01:26.514Z] [METRICS] Cycles: 37, Tasks: 0, Decisions: 48, Uptime: 1695s
[2026-09-01T13:01:26.521Z] [OPTIMIZATION] Resource optimization improved to 100.0%
[2026-09-01T13:01:27.017Z] [DECISION] Plan carefully, then execute (Context: Operational efficiency trending down, Risk: medium, Urgency: normal)
[2026-09-01T13:01:27.018Z] [CYCLE] Operational cycle 38 complete (4:01:27 PM)
[2026-09-01T13:01:37.067Z] [DECISION] Plan carefully, then execute (Context: New pattern detected in operations, Risk: medium, Urgency: normal)
[2026-09-01T13:01:37.067Z] [CYCLE] Operational cycle 39 complete (4:01:37 PM)
[2026-09-01T13:01:47.121Z] [DECISION] Plan carefully, then execute (Context: System load increasing, Risk: medium, Urgency: normal)
[2026-09-01T13:01:47.125Z] [CYCLE] Operational cycle 40 complete (4:01:47 PM)
[2026-09-01T13:01:56.527Z] [OPTIMIZATION] Resource optimization improved to 100.0%
[2026-09-01T13:01:57.110Z] [DECISION] Plan carefully, then execute (Context: Operational efficiency trending down, Risk: medium, Urgency: normal)
[2026-09-01T13:01:57.115Z] [CYCLE] Operational cycle 41 complete (4:01:57 PM)
[2026-09-01T13:02:07.122Z] [DECISION] Plan carefully, then execute (Context: System load increasing, Risk: medium, Urgency: normal)
[2026-09-01T13:02:07.123Z] [CYCLE] Operational cycle 42 complete (4:02:07 PM)
[2026-09-01T13:02:17.142Z] [DECISION] Plan carefully, then execute (Context: New pattern detected in operations, Risk: medium, Urgency: normal)
[2026-09-01T13:02:17.188Z] [CYCLE] Operational cycle 43 complete (4:02:17 PM)
[2026-09-01T13:02:26.478Z] [METRICS] Cycles: 43, Tasks: 0, Decisions: 54, Uptime: 1755s
[2026-09-01T13:02:26.530Z] [OPTIMIZATION] Resource optimization improved to 100.0%
[2026-09-01T13:02:27.129Z] [DECISION] Plan carefully, then execute (Context: Resource allocation needs optimization, Risk: medium, Urgency: normal)
[2026-09-01T13:02:27.135Z] [CYCLE] Operational cycle 44 complete (4:02:27 PM)
[2026-09-01T13:02:37.162Z] [DECISION] Plan carefully, then execute (Context: Resource allocation needs optimization, Risk: medium, Urgency: normal)
[2026-09-01T13:02:37.180Z] [CYCLE] Operational cycle 45 complete (4:02:37 PM)
[2026-09-01T13:02:47.165Z] [DECISION] Plan carefully, then execute (Context: Operational efficiency trending down, Risk: medium, Urgency: normal)
[2026-09-01T13:02:47.192Z] [CYCLE] Operational cycle 46 complete (4:02:47 PM)
[2026-09-01T13:02:56.537Z] [OPTIMIZATION] Resource optimization improved to 100.0%
[2026-09-01T13:02:57.164Z] [DECISION] Plan carefully, then execute (Context: Operational efficiency trending down, Risk: medium, Urgency: normal)
[2026-09-01T13:02:57.168Z] [CYCLE] Operational cycle 47 complete (4:02:57 PM)
[2026-09-01T13:03:07.185Z] [DECISION] Plan carefully, then execute (Context: Operational efficiency trending down, Risk: medium, Urgency: normal)
[2026-09-01T13:03:07.187Z] [CYCLE] Operational cycle 48 complete (4:03:07 PM)
[2026-09-01T13:03:17.196Z] [DECISION] Plan carefully, then execute (Context: Operational efficiency trending down, Risk: medium, Urgency: normal)
[2026-09-01T13:03:17.198Z] [CYCLE] Operational cycle 49 complete (4:03:17 PM)
[2026-09-01T13:03:26.482Z] [METRICS] Cycles: 49, Tasks: 0, Decisions: 60, Uptime: 1815s
[2026-09-01T13:03:26.550Z] [OPTIMIZATION] Resource optimization improved to 100.0%
[2026-09-01T13:03:27.207Z] [DECISION] Plan carefully, then execute (Context: Resource allocation needs optimization, Risk: medium, Urgency: normal)
[2026-09-01T13:03:27.209Z] [CYCLE] Operational cycle 50 complete (4:03:27 PM)
[2026-09-01T13:03:37.226Z] [DECISION] Plan carefully, then execute (Context: Operational efficiency trending down, Risk: medium, Urgency: normal)
[2026-09-01T13:03:37.228Z] [CYCLE] Operational cycle 51 complete (4:03:37 PM)
[2026-09-01T13:03:47.242Z] [DECISION] Plan carefully, then execute (Context: New pattern detected in operations, Risk: medium, Urgency: normal)
[2026-09-01T13:03:47.245Z] [CYCLE] Operational cycle 52 complete (4:03:47 PM)
[2026-09-01T13:03:56.559Z] [OPTIMIZATION] Resource optimization improved to 100.0%
[2026-09-01T13:03:57.248Z] [DECISION] Plan carefully, then execute (Context: Operational efficiency trending down, Risk: medium, Urgency: normal)
[2026-09-01T13:03:57.250Z] [CYCLE] Operational cycle 53 complete (4:03:57 PM)
[2026-09-01T13:04:07.257Z] [DECISION] Plan carefully, then execute (Context: Resource allocation needs optimization, Risk: medium, Urgency: normal)
[2026-09-01T13:04:07.259Z] [CYCLE] Operational cycle 54 complete (4:04:07 PM)
[2026-09-01T13:04:17.255Z] [DECISION] Plan carefully, then execute (Context: Resource allocation needs optimization, Risk: medium, Urgency: normal)
[2026-09-01T13:04:17.260Z] [CYCLE] Operational cycle 55 complete (4:04:17 PM)
[2026-09-01T13:04:26.489Z] [METRICS] Cycles: 55, Tasks: 0, Decisions: 66, Uptime: 1875s
[2026-09-01T13:04:26.564Z] [OPTIMIZATION] Resource optimization improved to 100.0%
[2026-09-01T13:04:27.262Z] [DECISION] Plan carefully, then execute (Context: System load increasing, Risk: medium, Urgency: normal)
[2026-09-01T13:04:27.264Z] [CYCLE] Operational cycle 56 complete (4:04:27 PM)
[2026-09-01T13:04:37.274Z] [DECISION] Plan carefully, then execute (Context: Operational efficiency trending down, Risk: medium, Urgency: normal)
[2026-09-01T13:04:37.275Z] [CYCLE] Operational cycle 57 complete (4:04:37 PM)
[2026-09-01T13:04:47.277Z] [DECISION] Plan carefully, then execute (Context: System load increasing, Risk: medium, Urgency: normal)
[2026-09-01T13:04:47.278Z] [CYCLE] Operational cycle 58 complete (4:04:47 PM)
[2026-09-01T13:04:56.585Z] [OPTIMIZATION] Resource optimization improved to 100.0%
[2026-09-01T13:04:57.287Z] [DECISION] Plan carefully, then execute (Context: Operational efficiency trending down, Risk: medium, Urgency: normal)
[2026-09-01T13:04:57.290Z] [CYCLE] Operational cycle 59 complete (4:04:57 PM)
[2026-09-01T13:05:07.288Z] [DECISION] Plan carefully, then execute (Context: System load increasing, Risk: medium, Urgency: normal)
[2026-09-01T13:05:07.290Z] [CYCLE] Operational cycle 60 complete (4:05:07 PM)
[2026-09-01T13:05:17.289Z] [DECISION] Plan carefully, then execute (Context: New pattern detected in operations, Risk: medium, Urgency: normal)
[2026-09-01T13:05:17.291Z] [CYCLE] Operational cycle 61 complete (4:05:17 PM)
[2026-09-01T13:05:26.490Z] [METRICS] Cycles: 61, Tasks: 0, Decisions: 72, Uptime: 1935s
[2026-09-01T13:05:26.600Z] [OPTIMIZATION] Resource optimization improved to 100.0%
[2026-09-01T13:05:27.311Z] [DECISION] Plan carefully, then execute (Context: Operational efficiency trending down, Risk: medium, Urgency: normal)
[2026-09-01T13:05:27.313Z] [CYCLE] Operational cycle 62 complete (4:05:27 PM)
[2026-09-01T13:05:37.311Z] [DECISION] Plan carefully, then execute (Context: Operational efficiency trending down, Risk: medium, Urgency: normal)
[2026-09-01T13:05:37.316Z] [CYCLE] Operational cycle 63 complete (4:05:37 PM)
[2026-09-01T13:05:47.314Z] [DECISION] Plan carefully, then execute (Context: Operational efficiency trending down, Risk: medium, Urgency: normal)
[2026-09-01T13:05:47.316Z] [CYCLE] Operational cycle 64 complete (4:05:47 PM)
[2026-09-01T13:05:56.615Z] [OPTIMIZATION] Resource optimization improved to 100.0%
[2026-09-01T13:05:57.323Z] [DECISION] Plan carefully, then execute (Context: Operational efficiency trending down, Risk: medium, Urgency: normal)
[2026-09-01T13:05:57.326Z] [CYCLE] Operational cycle 65 complete (4:05:57 PM)
[2026-09-01T13:06:07.335Z] [DECISION] Plan carefully, then execute (Context: Operational efficiency trending down, Risk: medium, Urgency: normal)
[2026-09-01T13:06:07.337Z] [CYCLE] Operational cycle 66 complete (4:06:07 PM)
[2026-09-01T13:06:17.343Z] [DECISION] Plan carefully, then execute (Context: Operational efficiency trending down, Risk: medium, Urgency: normal)
[2026-09-01T13:06:17.345Z] [CYCLE] Operational cycle 67 complete (4:06:17 PM)
[2026-09-01T13:06:26.501Z] [METRICS] Cycles: 67, Tasks: 0, Decisions: 78, Uptime: 1995s
[2026-09-01T13:06:26.626Z] [OPTIMIZATION] Resource optimization improved to 100.0%
[2026-09-01T13:06:27.342Z] [DECISION] Plan carefully, then execute (Context: Resource allocation needs optimization, Risk: medium, Urgency: normal)
[2026-09-01T13:06:27.343Z] [CYCLE] Operational cycle 68 complete (4:06:27 PM)
[2026-09-01T13:06:37.359Z] [DECISION] Plan carefully, then execute (Context: Operational efficiency trending down, Risk: medium, Urgency: normal)
[2026-09-01T13:06:37.365Z] [CYCLE] Operational cycle 69 complete (4:06:37 PM)
[2026-09-01T13:06:47.364Z] [DECISION] Plan carefully, then execute (Context: New pattern detected in operations, Risk: medium, Urgency: normal)
[2026-09-01T13:06:47.369Z] [CYCLE] Operational cycle 70 complete (4:06:47 PM)
[2026-09-01T13:06:56.634Z] [OPTIMIZATION] Resource optimization improved to 100.0%
[2026-09-01T13:06:57.378Z] [DECISION] Plan carefully, then execute (Context: Resource allocation needs optimization, Risk: medium, Urgency: normal)
[2026-09-01T13:06:57.411Z] [CYCLE] Operational cycle 71 complete (4:06:57 PM)
[2026-09-01T13:07:07.367Z] [DECISION] Plan carefully, then execute (Context: Operational efficiency trending down, Risk: medium, Urgency: normal)
[2026-09-01T13:07:07.370Z] [CYCLE] Operational cycle 72 complete (4:07:07 PM)
[2026-09-01T13:07:17.384Z] [DECISION] Plan carefully, then execute (Context: System load increasing, Risk: medium, Urgency: normal)
[2026-09-01T13:07:17.386Z] [CYCLE] Operational cycle 73 complete (4:07:17 PM)
[2026-09-01T13:07:17.885Z] [LEARNING] Auto-adapted to performance drop
[2026-09-01T13:07:22.899Z] [LEARNING] Auto-adapted to performance drop
[2026-09-01T13:07:26.501Z] [METRICS] Cycles: 73, Tasks: 0, Decisions: 84, Uptime: 2055s
[2026-09-01T13:07:26.641Z] [OPTIMIZATION] Resource optimization improved to 100.0%
[2026-09-01T13:07:27.394Z] [DECISION] Plan carefully, then execute (Context: System load increasing, Risk: medium, Urgency: normal)
[2026-09-01T13:07:27.395Z] [CYCLE] Operational cycle 74 complete (4:07:27 PM)
[2026-09-01T13:07:37.396Z] [DECISION] Plan carefully, then execute (Context: Operational efficiency trending down, Risk: medium, Urgency: normal)
[2026-09-01T13:07:37.399Z] [CYCLE] Operational cycle 75 complete (4:07:37 PM)
[2026-09-01T13:07:43.075Z] [LEARNING] Chat input: wat can u do
[2026-09-01T13:07:47.411Z] [DECISION] Plan carefully, then execute (Context: Resource allocation needs optimization, Risk: medium, Urgency: normal)
[2026-09-01T13:07:47.413Z] [CYCLE] Operational cycle 76 complete (4:07:47 PM)
[2026-09-01T13:07:56.649Z] [OPTIMIZATION] Resource optimization improved to 100.0%
[2026-09-01T13:07:57.421Z] [DECISION] Plan carefully, then execute (Context: Resource allocation needs optimization, Risk: medium, Urgency: normal)
[2026-09-01T13:07:57.423Z] [CYCLE] Operational cycle 77 complete (4:07:57 PM)
[2026-09-01T13:08:07.433Z] [DECISION] Plan carefully, then execute (Context: Resource allocation needs optimization, Risk: medium, Urgency: normal)
[2026-09-01T13:08:07.436Z] [CYCLE] Operational cycle 78 complete (4:08:07 PM)
[2026-09-01T13:08:17.451Z] [DECISION] Plan carefully, then execute (Context: Operational efficiency trending down, Risk: medium, Urgency: normal)
[2026-09-01T13:08:17.455Z] [CYCLE] Operational cycle 79 complete (4:08:17 PM)
[2026-09-01T13:08:26.500Z] [METRICS] Cycles: 79, Tasks: 0, Decisions: 90, Uptime: 2115s
[2026-09-01T13:08:26.654Z] [OPTIMIZATION] Resource optimization improved to 100.0%
[2026-09-01T13:08:27.461Z] [DECISION] Plan carefully, then execute (Context: Operational efficiency trending down, Risk: medium, Urgency: normal)
[2026-09-01T13:08:27.464Z] [CYCLE] Operational cycle 80 complete (4:08:27 PM)
[2026-09-01T13:08:37.470Z] [DECISION] Plan carefully, then execute (Context: Operational efficiency trending down, Risk: medium, Urgency: normal)
[2026-09-01T13:08:37.472Z] [CYCLE] Operational cycle 81 complete (4:08:37 PM)
[2026-09-01T13:08:47.485Z] [DECISION] Plan carefully, then execute (Context: New pattern detected in operations, Risk: medium, Urgency: normal)
[2026-09-01T13:08:47.487Z] [CYCLE] Operational cycle 82 complete (4:08:47 PM)
[2026-09-01T13:08:56.663Z] [OPTIMIZATION] Resource optimization improved to 100.0%
[2026-09-01T13:08:57.487Z] [DECISION] Plan carefully, then execute (Context: New pattern detected in operations, Risk: medium, Urgency: normal)
[2026-09-01T13:08:57.489Z] [CYCLE] Operational cycle 83 complete (4:08:57 PM)
[2026-09-01T13:09:00.244Z] [LEARNING] Created autonomous task template: a task to make 100
[2026-09-01T13:09:07.494Z] [DECISION] Plan carefully, then execute (Context: Operational efficiency trending down, Risk: medium, Urgency: normal)
[2026-09-01T13:09:07.496Z] [CYCLE] Operational cycle 84 complete (4:09:07 PM)
[2026-09-01T13:09:17.508Z] [DECISION] Plan carefully, then execute (Context: System load increasing, Risk: medium, Urgency: normal)
[2026-09-01T13:09:17.511Z] [CYCLE] Operational cycle 85 complete (4:09:17 PM)
[2026-09-01T13:09:26.507Z] [METRICS] Cycles: 85, Tasks: 0, Decisions: 96, Uptime: 2175s
[2026-09-01T13:09:26.666Z] [OPTIMIZATION] Resource optimization improved to 100.0%
[2026-09-01T13:09:26.874Z] [LEARNING] Chat input: status" for system info
[2026-09-01T13:09:27.522Z] [DECISION] Plan carefully, then execute (Context: System load increasing, Risk: medium, Urgency: normal)
[2026-09-01T13:09:27.525Z] [CYCLE] Operational cycle 86 complete (4:09:27 PM)
[2026-09-01T13:09:37.534Z] [DECISION] Plan carefully, then execute (Context: System load increasing, Risk: medium, Urgency: normal)
[2026-09-01T13:09:37.540Z] [CYCLE] Operational cycle 87 complete (4:09:37 PM)
[2026-09-01T13:09:47.545Z] [DECISION] Plan carefully, then execute (Context: Resource allocation needs optimization, Risk: medium, Urgency: normal)
[2026-09-01T13:09:47.560Z] [CYCLE] Operational cycle 88 complete (4:09:47 PM)
[2026-09-01T13:09:56.680Z] [OPTIMIZATION] Resource optimization improved to 100.0%
[2026-09-01T13:09:57.555Z] [DECISION] Plan carefully, then execute (Context: System load increasing, Risk: medium, Urgency: normal)
[2026-09-01T13:09:57.562Z] [CYCLE] Operational cycle 89 complete (4:09:57 PM)
[2026-09-01T13:10:07.568Z] [DECISION] Plan carefully, then execute (Context: System load increasing, Risk: medium, Urgency: normal)
[2026-09-01T13:10:07.570Z] [CYCLE] Operational cycle 90 complete (4:10:07 PM)
[2026-09-01T13:10:17.573Z] [DECISION] Plan carefully, then execute (Context: New pattern detected in operations, Risk: medium, Urgency: normal)
[2026-09-01T13:10:17.583Z] [CYCLE] Operational cycle 91 complete (4:10:17 PM)
[2026-09-01T13:10:26.529Z] [METRICS] Cycles: 91, Tasks: 0, Decisions: 102, Uptime: 2235s
[2026-09-01T13:10:26.685Z] [OPTIMIZATION] Resource optimization improved to 100.0%
[2026-09-01T13:10:27.589Z] [DECISION] Plan carefully, then execute (Context: System load increasing, Risk: medium, Urgency: normal)
[2026-09-01T13:10:27.607Z] [CYCLE] Operational cycle 92 complete (4:10:27 PM)
[2026-09-01T13:10:37.606Z] [DECISION] Plan carefully, then execute (Context: Operational efficiency trending down, Risk: medium, Urgency: normal)
[2026-09-01T13:10:37.610Z] [CYCLE] Operational cycle 93 complete (4:10:37 PM)
[2026-09-01T13:10:47.619Z] [DECISION] Plan carefully, then execute (Context: New pattern detected in operations, Risk: medium, Urgency: normal)
[2026-09-01T13:10:47.624Z] [CYCLE] Operational cycle 94 complete (4:10:47 PM)
[2026-09-01T13:10:56.690Z] [OPTIMIZATION] Resource optimization improved to 100.0%
[2026-09-01T13:10:57.635Z] [DECISION] Plan carefully, then execute (Context: System load increasing, Risk: medium, Urgency: normal)
[2026-09-01T13:10:57.638Z] [CYCLE] Operational cycle 95 complete (4:10:57 PM)
[2026-09-01T13:11:07.639Z] [DECISION] Plan carefully, then execute (Context: New pattern detected in operations, Risk: medium, Urgency: normal)
[2026-09-01T13:11:07.641Z] [CYCLE] Operational cycle 96 complete (4:11:07 PM)
[2026-09-01T13:11:17.654Z] [DECISION] Plan carefully, then execute (Context: Resource allocation needs optimization, Risk: medium, Urgency: normal)
[2026-09-01T13:11:17.657Z] [CYCLE] Operational cycle 97 complete (4:11:17 PM)
[2026-09-01T13:11:26.528Z] [METRICS] Cycles: 97, Tasks: 0, Decisions: 108, Uptime: 2295s
[2026-09-01T13:11:26.694Z] [OPTIMIZATION] Resource optimization improved to 100.0%
[2026-09-01T13:11:27.654Z] [DECISION] Plan carefully, then execute (Context: System load increasing, Risk: medium, Urgency: normal)
[2026-09-01T13:11:27.656Z] [CYCLE] Operational cycle 98 complete (4:11:27 PM)
[2026-09-01T13:11:27.939Z] [LEARNING] Chat input: help" for all commands
[2026-09-01T13:11:37.669Z] [DECISION] Plan carefully, then execute (Context: Operational efficiency trending down, Risk: medium, Urgency: normal)
[2026-09-01T13:11:37.675Z] [CYCLE] Operational cycle 99 complete (4:11:37 PM)
[2026-09-01T13:11:38.621Z] [LEARNING] Chat input: exit
[2026-09-01T13:11:38.632Z] [LEARNING] Chat session: 5 turns
[2026-09-01T13:11:45.772Z] [LEARNING] Auto-adapted to performance drop
[2026-09-01T13:11:47.682Z] [DECISION] Plan carefully, then execute (Context: Resource allocation needs optimization, Risk: medium, Urgency: normal)
[2026-09-01T13:11:47.684Z] [CYCLE] Operational cycle 100 complete (4:11:47 PM)
[2026-09-01T13:11:50.780Z] [LEARNING] Auto-adapted to performance drop
[2026-09-01T13:11:56.700Z] [OPTIMIZATION] Resource optimization improved to 100.0%
[2026-09-01T13:11:57.695Z] [DECISION] Plan carefully, then execute (Context: Operational efficiency trending down, Risk: medium, Urgency: normal)
[2026-09-01T13:11:57.699Z] [CYCLE] Operational cycle 101 complete (4:11:57 PM)
[2026-09-01T13:12:07.703Z] [DECISION] Plan carefully, then execute (Context: New pattern detected in operations, Risk: medium, Urgency: normal)
[2026-09-01T13:12:07.705Z] [CYCLE] Operational cycle 102 complete (4:12:07 PM)
[2026-09-01T13:12:17.712Z] [DECISION] Plan carefully, then execute (Context: Operational efficiency trending down, Risk: medium, Urgency: normal)
[2026-09-01T13:12:17.714Z] [CYCLE] Operational cycle 103 complete (4:12:17 PM)
[2026-09-01T13:12:26.538Z] [METRICS] Cycles: 103, Tasks: 0, Decisions: 114, Uptime: 2355s
[2026-09-01T13:12:26.711Z] [OPTIMIZATION] Resource optimization improved to 100.0%
[2026-09-01T13:12:27.711Z] [DECISION] Plan carefully, then execute (Context: System load increasing, Risk: medium, Urgency: normal)
[2026-09-01T13:12:27.713Z] [CYCLE] Operational cycle 104 complete (4:12:27 PM)
[2026-09-01T13:12:37.912Z] [DECISION] Plan carefully, then execute (Context: Operational efficiency trending down, Risk: medium, Urgency: normal)
[2026-09-01T13:12:37.922Z] [CYCLE] Operational cycle 105 complete (4:12:37 PM)
[2026-09-01T13:12:47.877Z] [DECISION] Plan carefully, then execute (Context: System load increasing, Risk: medium, Urgency: normal)
[2026-09-01T13:12:47.881Z] [CYCLE] Operational cycle 106 complete (4:12:47 PM)
[2026-09-01T13:12:56.712Z] [OPTIMIZATION] Resource optimization improved to 100.0%
[2026-09-01T13:12:57.889Z] [DECISION] Plan carefully, then execute (Context: Resource allocation needs optimization, Risk: medium, Urgency: normal)
[2026-09-01T13:12:57.893Z] [CYCLE] Operational cycle 107 complete (4:12:57 PM)
[2026-09-01T13:13:07.884Z] [DECISION] Plan carefully, then execute (Context: Operational efficiency trending down, Risk: medium, Urgency: normal)
[2026-09-01T13:13:07.885Z] [CYCLE] Operational cycle 108 complete (4:13:07 PM)
[2026-09-01T13:13:09.089Z] [LEARNING] Auto-adapted to performance drop
[2026-09-01T13:13:14.102Z] [LEARNING] Auto-adapted to performance drop
[2026-09-01T13:13:14.325Z] [DECISION] Plan carefully, then execute (Context: New pattern detected in operations, Risk: medium, Urgency: normal)
[2026-09-01T13:13:14.326Z] [CYCLE] Operational cycle 1 complete (4:13:14 PM)
[2026-09-01T13:13:17.895Z] [DECISION] Plan carefully, then execute (Context: New pattern detected in operations, Risk: medium, Urgency: normal)
[2026-09-01T13:13:17.897Z] [CYCLE] Operational cycle 109 complete (4:13:17 PM)
[2026-09-01T13:13:24.130Z] [DECISION] Plan carefully, then execute (Context: Operational efficiency trending down, Risk: medium, Urgency: normal)
[2026-09-01T13:13:24.133Z] [CYCLE] Operational cycle 2 complete (4:13:24 PM)
[2026-09-01T13:13:26.541Z] [METRICS] Cycles: 109, Tasks: 0, Decisions: 120, Uptime: 2415s
[2026-09-01T13:13:26.716Z] [OPTIMIZATION] Resource optimization improved to 100.0%
[2026-09-01T13:13:27.901Z] [DECISION] Plan carefully, then execute (Context: New pattern detected in operations, Risk: medium, Urgency: normal)
[2026-09-01T13:13:27.903Z] [CYCLE] Operational cycle 110 complete (4:13:27 PM)
[2026-09-01T13:13:34.099Z] [OPTIMIZATION] Resource optimization improved to 90.0%
[2026-09-01T13:13:34.145Z] [DECISION] Plan carefully, then execute (Context: New pattern detected in operations, Risk: medium, Urgency: normal)
[2026-09-01T13:13:34.147Z] [CYCLE] Operational cycle 3 complete (4:13:34 PM)
[2026-09-01T13:13:37.903Z] [DECISION] Plan carefully, then execute (Context: New pattern detected in operations, Risk: medium, Urgency: normal)
[2026-09-01T13:13:37.905Z] [CYCLE] Operational cycle 111 complete (4:13:37 PM)
[2026-09-01T13:13:44.154Z] [DECISION] Plan carefully, then execute (Context: New pattern detected in operations, Risk: medium, Urgency: normal)
[2026-09-01T13:13:44.156Z] [CYCLE] Operational cycle 4 complete (4:13:44 PM)
[2026-09-01T13:13:47.915Z] [DECISION] Plan carefully, then execute (Context: Operational efficiency trending down, Risk: medium, Urgency: normal)
[2026-09-01T13:13:47.918Z] [CYCLE] Operational cycle 112 complete (4:13:47 PM)
[2026-09-01T13:13:54.174Z] [DECISION] Plan carefully, then execute (Context: Operational efficiency trending down, Risk: medium, Urgency: normal)
[2026-09-01T13:13:54.179Z] [CYCLE] Operational cycle 5 complete (4:13:54 PM)
[2026-09-01T13:13:56.729Z] [OPTIMIZATION] Resource optimization improved to 100.0%
[2026-09-01T13:13:57.914Z] [DECISION] Plan carefully, then execute (Context: Operational efficiency trending down, Risk: medium, Urgency: normal)
[2026-09-01T13:13:57.916Z] [CYCLE] Operational cycle 113 complete (4:13:57 PM)
[2026-09-01T13:14:04.112Z] [METRICS] Cycles: 5, Tasks: 0, Decisions: 88, Uptime: 60s
[2026-09-01T13:14:04.117Z] [OPTIMIZATION] Resource optimization improved to 95.0%
[2026-09-01T13:14:04.182Z] [DECISION] Plan carefully, then execute (Context: Resource allocation needs optimization, Risk: medium, Urgency: normal)
[2026-09-01T13:14:04.184Z] [CYCLE] Operational cycle 6 complete (4:14:04 PM)
[2026-09-01T13:14:07.949Z] [DECISION] Plan carefully, then execute (Context: System load increasing, Risk: medium, Urgency: normal)
[2026-09-01T13:14:07.951Z] [CYCLE] Operational cycle 114 complete (4:14:07 PM)
[2026-09-01T13:14:14.190Z] [DECISION] Plan carefully, then execute (Context: Resource allocation needs optimization, Risk: medium, Urgency: normal)
[2026-09-01T13:14:14.193Z] [CYCLE] Operational cycle 7 complete (4:14:14 PM)
[2026-09-01T13:14:17.935Z] [DECISION] Plan carefully, then execute (Context: New pattern detected in operations, Risk: medium, Urgency: normal)
[2026-09-01T13:14:17.937Z] [CYCLE] Operational cycle 115 complete (4:14:17 PM)
[2026-09-01T13:14:24.186Z] [DECISION] Plan carefully, then execute (Context: System load increasing, Risk: medium, Urgency: normal)
[2026-09-01T13:14:24.189Z] [CYCLE] Operational cycle 8 complete (4:14:24 PM)
[2026-09-01T13:14:26.546Z] [METRICS] Cycles: 115, Tasks: 0, Decisions: 126, Uptime: 2475s
[2026-09-01T13:14:26.740Z] [OPTIMIZATION] Resource optimization improved to 100.0%
[2026-09-01T13:14:27.943Z] [DECISION] Plan carefully, then execute (Context: New pattern detected in operations, Risk: medium, Urgency: normal)
[2026-09-01T13:14:27.951Z] [CYCLE] Operational cycle 116 complete (4:14:27 PM)
[2026-09-01T13:14:34.129Z] [OPTIMIZATION] Resource optimization improved to 100.0%
[2026-09-01T13:14:34.198Z] [DECISION] Plan carefully, then execute (Context: Operational efficiency trending down, Risk: medium, Urgency: normal)
[2026-09-01T13:14:34.200Z] [CYCLE] Operational cycle 9 complete (4:14:34 PM)
[2026-09-01T13:14:37.951Z] [DECISION] Plan carefully, then execute (Context: Resource allocation needs optimization, Risk: medium, Urgency: normal)
[2026-09-01T13:14:37.953Z] [CYCLE] Operational cycle 117 complete (4:14:37 PM)
[2026-09-01T13:14:44.201Z] [DECISION] Plan carefully, then execute (Context: Resource allocation needs optimization, Risk: medium, Urgency: normal)
[2026-09-01T13:14:44.208Z] [CYCLE] Operational cycle 10 complete (4:14:44 PM)
[2026-09-01T13:14:47.954Z] [DECISION] Plan carefully, then execute (Context: Operational efficiency trending down, Risk: medium, Urgency: normal)
[2026-09-01T13:14:47.956Z] [CYCLE] Operational cycle 118 complete (4:14:47 PM)
[2026-09-01T13:14:54.202Z] [DECISION] Plan carefully, then execute (Context: System load increasing, Risk: medium, Urgency: normal)
[2026-09-01T13:14:54.204Z] [CYCLE] Operational cycle 11 complete (4:14:54 PM)
[2026-09-01T13:14:56.752Z] [OPTIMIZATION] Resource optimization improved to 100.0%
[2026-09-01T13:14:57.959Z] [DECISION] Plan carefully, then execute (Context: Operational efficiency trending down, Risk: medium, Urgency: normal)
[2026-09-01T13:14:57.961Z] [CYCLE] Operational cycle 119 complete (4:14:57 PM)
[2026-09-01T13:15:04.112Z] [METRICS] Cycles: 11, Tasks: 0, Decisions: 94, Uptime: 120s
[2026-09-01T13:15:04.142Z] [OPTIMIZATION] Resource optimization improved to 100.0%
[2026-09-01T13:15:04.209Z] [DECISION] Plan carefully, then execute (Context: Operational efficiency trending down, Risk: medium, Urgency: normal)
[2026-09-01T13:15:04.211Z] [CYCLE] Operational cycle 12 complete (4:15:04 PM)
[2026-09-01T13:15:07.968Z] [DECISION] Plan carefully, then execute (Context: Resource allocation needs optimization, Risk: medium, Urgency: normal)
[2026-09-01T13:15:07.971Z] [CYCLE] Operational cycle 120 complete (4:15:07 PM)
[2026-09-01T13:15:14.225Z] [DECISION] Plan carefully, then execute (Context: Operational efficiency trending down, Risk: medium, Urgency: normal)
[2026-09-01T13:15:14.228Z] [CYCLE] Operational cycle 13 complete (4:15:14 PM)
[2026-09-01T13:15:17.985Z] [DECISION] Plan carefully, then execute (Context: System load increasing, Risk: medium, Urgency: normal)
[2026-09-01T13:15:17.987Z] [CYCLE] Operational cycle 121 complete (4:15:17 PM)
[2026-09-01T13:15:24.237Z] [DECISION] Plan carefully, then execute (Context: New pattern detected in operations, Risk: medium, Urgency: normal)
[2026-09-01T13:15:24.240Z] [CYCLE] Operational cycle 14 complete (4:15:24 PM)
[2026-09-01T13:15:26.552Z] [METRICS] Cycles: 121, Tasks: 0, Decisions: 132, Uptime: 2535s
[2026-09-01T13:15:26.755Z] [OPTIMIZATION] Resource optimization improved to 100.0%
[2026-09-01T13:15:27.990Z] [DECISION] Plan carefully, then execute (Context: System load increasing, Risk: medium, Urgency: normal)
[2026-09-01T13:15:27.993Z] [CYCLE] Operational cycle 122 complete (4:15:27 PM)
[2026-09-01T13:15:34.143Z] [OPTIMIZATION] Resource optimization improved to 100.0%
[2026-09-01T13:15:34.240Z] [DECISION] Plan carefully, then execute (Context: New pattern detected in operations, Risk: medium, Urgency: normal)
[2026-09-01T13:15:34.242Z] [CYCLE] Operational cycle 15 complete (4:15:34 PM)
[2026-09-01T13:15:37.989Z] [DECISION] Plan carefully, then execute (Context: System load increasing, Risk: medium, Urgency: normal)
[2026-09-01T13:15:37.989Z] [CYCLE] Operational cycle 123 complete (4:15:37 PM)
[2026-09-01T13:15:44.247Z] [DECISION] Plan carefully, then execute (Context: Operational efficiency trending down, Risk: medium, Urgency: normal)
[2026-09-01T13:15:44.249Z] [CYCLE] Operational cycle 16 complete (4:15:44 PM)
[2026-09-01T13:15:48.003Z] [DECISION] Plan carefully, then execute (Context: System load increasing, Risk: medium, Urgency: normal)
[2026-09-01T13:15:48.006Z] [CYCLE] Operational cycle 124 complete (4:15:47 PM)
[2026-09-01T13:15:54.259Z] [DECISION] Plan carefully, then execute (Context: Resource allocation needs optimization, Risk: medium, Urgency: normal)
[2026-09-01T13:15:54.262Z] [CYCLE] Operational cycle 17 complete (4:15:54 PM)
[2026-09-01T13:15:56.767Z] [OPTIMIZATION] Resource optimization improved to 100.0%
[2026-09-01T13:15:58.011Z] [DECISION] Plan carefully, then execute (Context: Resource allocation needs optimization, Risk: medium, Urgency: normal)
[2026-09-01T13:15:58.014Z] [CYCLE] Operational cycle 125 complete (4:15:58 PM)
[2026-09-01T13:16:04.117Z] [METRICS] Cycles: 17, Tasks: 0, Decisions: 100, Uptime: 180s
[2026-09-01T13:16:04.152Z] [OPTIMIZATION] Resource optimization improved to 100.0%
[2026-09-01T13:16:04.271Z] [DECISION] Plan carefully, then execute (Context: Resource allocation needs optimization, Risk: medium, Urgency: normal)
[2026-09-01T13:16:04.272Z] [CYCLE] Operational cycle 18 complete (4:16:04 PM)
[2026-09-01T13:16:08.016Z] [DECISION] Plan carefully, then execute (Context: Operational efficiency trending down, Risk: medium, Urgency: normal)
[2026-09-01T13:16:08.017Z] [CYCLE] Operational cycle 126 complete (4:16:08 PM)
[2026-09-01T13:16:14.277Z] [DECISION] Plan carefully, then execute (Context: System load increasing, Risk: medium, Urgency: normal)
[2026-09-01T13:16:14.280Z] [CYCLE] Operational cycle 19 complete (4:16:14 PM)
[2026-09-01T13:16:18.026Z] [DECISION] Plan carefully, then execute (Context: Operational efficiency trending down, Risk: medium, Urgency: normal)
[2026-09-01T13:16:18.029Z] [CYCLE] Operational cycle 127 complete (4:16:18 PM)
[2026-09-01T13:16:24.281Z] [DECISION] Plan carefully, then execute (Context: New pattern detected in operations, Risk: medium, Urgency: normal)
[2026-09-01T13:16:24.285Z] [CYCLE] Operational cycle 20 complete (4:16:24 PM)
[2026-09-01T13:16:26.566Z] [METRICS] Cycles: 127, Tasks: 0, Decisions: 138, Uptime: 2595s
[2026-09-01T13:16:26.766Z] [OPTIMIZATION] Resource optimization improved to 100.0%
[2026-09-01T13:16:28.035Z] [DECISION] Plan carefully, then execute (Context: Operational efficiency trending down, Risk: medium, Urgency: normal)
[2026-09-01T13:16:28.048Z] [CYCLE] Operational cycle 128 complete (4:16:28 PM)
[2026-09-01T13:16:34.155Z] [OPTIMIZATION] Resource optimization improved to 100.0%
[2026-09-01T13:16:34.291Z] [DECISION] Plan carefully, then execute (Context: Operational efficiency trending down, Risk: medium, Urgency: normal)
[2026-09-01T13:16:34.293Z] [CYCLE] Operational cycle 21 complete (4:16:34 PM)
[2026-09-01T13:16:38.035Z] [DECISION] Plan carefully, then execute (Context: Operational efficiency trending down, Risk: medium, Urgency: normal)
[2026-09-01T13:16:38.037Z] [CYCLE] Operational cycle 129 complete (4:16:38 PM)
[2026-09-01T13:16:44.286Z] [DECISION] Plan carefully, then execute (Context: System load increasing, Risk: medium, Urgency: normal)
[2026-09-01T13:16:44.289Z] [CYCLE] Operational cycle 22 complete (4:16:44 PM)
[2026-09-01T13:16:48.046Z] [DECISION] Plan carefully, then execute (Context: Resource allocation needs optimization, Risk: medium, Urgency: normal)
[2026-09-01T13:16:48.047Z] [CYCLE] Operational cycle 130 complete (4:16:48 PM)
[2026-09-01T13:16:54.299Z] [DECISION] Plan carefully, then execute (Context: System load increasing, Risk: medium, Urgency: normal)
[2026-09-01T13:16:54.302Z] [CYCLE] Operational cycle 23 complete (4:16:54 PM)
[2026-09-01T13:16:56.775Z] [OPTIMIZATION] Resource optimization improved to 100.0%
[2026-09-01T13:16:58.060Z] [DECISION] Plan carefully, then execute (Context: System load increasing, Risk: medium, Urgency: normal)
[2026-09-01T13:16:58.076Z] [CYCLE] Operational cycle 131 complete (4:16:58 PM)
[2026-09-01T13:17:04.117Z] [METRICS] Cycles: 23, Tasks: 0, Decisions: 106, Uptime: 240s
[2026-09-01T13:17:04.166Z] [OPTIMIZATION] Resource optimization improved to 100.0%
[2026-09-01T13:17:04.306Z] [DECISION] Plan carefully, then execute (Context: Operational efficiency trending down, Risk: medium, Urgency: normal)
[2026-09-01T13:17:04.311Z] [CYCLE] Operational cycle 24 complete (4:17:04 PM)
[2026-09-01T13:17:08.084Z] [DECISION] Plan carefully, then execute (Context: System load increasing, Risk: medium, Urgency: normal)
[2026-09-01T13:17:08.094Z] [CYCLE] Operational cycle 132 complete (4:17:08 PM)
[2026-09-01T13:17:14.304Z] [DECISION] Plan carefully, then execute (Context: Operational efficiency trending down, Risk: medium, Urgency: normal)
[2026-09-01T13:17:14.307Z] [CYCLE] Operational cycle 25 complete (4:17:14 PM)
[2026-09-01T13:17:18.077Z] [DECISION] Plan carefully, then execute (Context: New pattern detected in operations, Risk: medium, Urgency: normal)
[2026-09-01T13:17:18.080Z] [CYCLE] Operational cycle 133 complete (4:17:18 PM)
[2026-09-01T13:17:24.374Z] [DECISION] Plan carefully, then execute (Context: Operational efficiency trending down, Risk: medium, Urgency: normal)
[2026-09-01T13:17:24.375Z] [CYCLE] Operational cycle 26 complete (4:17:24 PM)
[2026-09-01T13:17:26.569Z] [METRICS] Cycles: 133, Tasks: 0, Decisions: 144, Uptime: 2655s
[2026-09-01T13:17:26.780Z] [OPTIMIZATION] Resource optimization improved to 100.0%
[2026-09-01T13:17:28.116Z] [DECISION] Plan carefully, then execute (Context: Resource allocation needs optimization, Risk: medium, Urgency: normal)
[2026-09-01T13:17:28.118Z] [CYCLE] Operational cycle 134 complete (4:17:28 PM)
[2026-09-01T13:17:34.168Z] [OPTIMIZATION] Resource optimization improved to 100.0%
[2026-09-01T13:17:34.384Z] [DECISION] Plan carefully, then execute (Context: New pattern detected in operations, Risk: medium, Urgency: normal)
[2026-09-01T13:17:34.386Z] [CYCLE] Operational cycle 27 complete (4:17:34 PM)
[2026-09-01T13:17:38.125Z] [DECISION] Plan carefully, then execute (Context: System load increasing, Risk: medium, Urgency: normal)
[2026-09-01T13:17:38.131Z] [CYCLE] Operational cycle 135 complete (4:17:38 PM)
[2026-09-01T13:17:44.389Z] [DECISION] Plan carefully, then execute (Context: New pattern detected in operations, Risk: medium, Urgency: normal)
[2026-09-01T13:17:44.392Z] [CYCLE] Operational cycle 28 complete (4:17:44 PM)
[2026-09-01T13:17:48.123Z] [DECISION] Plan carefully, then execute (Context: Operational efficiency trending down, Risk: medium, Urgency: normal)
[2026-09-01T13:17:48.124Z] [CYCLE] Operational cycle 136 complete (4:17:48 PM)
[2026-09-01T13:17:54.390Z] [DECISION] Plan carefully, then execute (Context: New pattern detected in operations, Risk: medium, Urgency: normal)
[2026-09-01T13:17:54.392Z] [CYCLE] Operational cycle 29 complete (4:17:54 PM)
[2026-09-01T13:17:56.798Z] [OPTIMIZATION] Resource optimization improved to 100.0%
[2026-09-01T13:17:58.142Z] [DECISION] Plan carefully, then execute (Context: Resource allocation needs optimization, Risk: medium, Urgency: normal)
[2026-09-01T13:17:58.145Z] [CYCLE] Operational cycle 137 complete (4:17:58 PM)
[2026-09-01T13:18:04.129Z] [METRICS] Cycles: 29, Tasks: 0, Decisions: 112, Uptime: 300s
[2026-09-01T13:18:04.178Z] [OPTIMIZATION] Resource optimization improved to 100.0%
[2026-09-01T13:18:04.393Z] [DECISION] Plan carefully, then execute (Context: Resource allocation needs optimization, Risk: medium, Urgency: normal)
[2026-09-01T13:18:04.395Z] [CYCLE] Operational cycle 30 complete (4:18:04 PM)
[2026-09-01T13:18:08.146Z] [DECISION] Plan carefully, then execute (Context: Resource allocation needs optimization, Risk: medium, Urgency: normal)
[2026-09-01T13:18:08.150Z] [CYCLE] Operational cycle 138 complete (4:18:08 PM)
[2026-09-01T13:18:14.399Z] [DECISION] Plan carefully, then execute (Context: New pattern detected in operations, Risk: medium, Urgency: normal)
[2026-09-01T13:18:14.402Z] [CYCLE] Operational cycle 31 complete (4:18:14 PM)
[2026-09-01T13:18:18.151Z] [DECISION] Plan carefully, then execute (Context: System load increasing, Risk: medium, Urgency: normal)
[2026-09-01T13:18:18.154Z] [CYCLE] Operational cycle 139 complete (4:18:18 PM)
[2026-09-01T13:18:24.402Z] [DECISION] Plan carefully, then execute (Context: System load increasing, Risk: medium, Urgency: normal)
[2026-09-01T13:18:24.403Z] [CYCLE] Operational cycle 32 complete (4:18:24 PM)
[2026-09-01T13:18:26.590Z] [METRICS] Cycles: 139, Tasks: 0, Decisions: 150, Uptime: 2715s
[2026-09-01T13:18:26.798Z] [OPTIMIZATION] Resource optimization improved to 100.0%
[2026-09-01T13:18:28.161Z] [DECISION] Plan carefully, then execute (Context: System load increasing, Risk: medium, Urgency: normal)
[2026-09-01T13:18:28.164Z] [CYCLE] Operational cycle 140 complete (4:18:28 PM)
[2026-09-01T13:18:34.180Z] [OPTIMIZATION] Resource optimization improved to 100.0%
[2026-09-01T13:18:34.424Z] [DECISION] Plan carefully, then execute (Context: Operational efficiency trending down, Risk: medium, Urgency: normal)
[2026-09-01T13:18:34.428Z] [CYCLE] Operational cycle 33 complete (4:18:34 PM)
[2026-09-01T13:18:38.172Z] [DECISION] Plan carefully, then execute (Context: System load increasing, Risk: medium, Urgency: normal)
[2026-09-01T13:18:38.174Z] [CYCLE] Operational cycle 141 complete (4:18:38 PM)
[2026-09-01T13:18:44.415Z] [DECISION] Plan carefully, then execute (Context: New pattern detected in operations, Risk: medium, Urgency: normal)
[2026-09-01T13:18:44.417Z] [CYCLE] Operational cycle 34 complete (4:18:44 PM)
[2026-09-01T13:18:48.177Z] [DECISION] Plan carefully, then execute (Context: New pattern detected in operations, Risk: medium, Urgency: normal)
[2026-09-01T13:18:48.182Z] [CYCLE] Operational cycle 142 complete (4:18:48 PM)
[2026-09-01T13:18:54.429Z] [DECISION] Plan carefully, then execute (Context: New pattern detected in operations, Risk: medium, Urgency: normal)
[2026-09-01T13:18:54.430Z] [CYCLE] Operational cycle 35 complete (4:18:54 PM)
[2026-09-01T13:18:56.801Z] [OPTIMIZATION] Resource optimization improved to 100.0%
[2026-09-01T13:18:58.178Z] [DECISION] Plan carefully, then execute (Context: System load increasing, Risk: medium, Urgency: normal)
[2026-09-01T13:18:58.180Z] [CYCLE] Operational cycle 143 complete (4:18:58 PM)
[2026-09-01T13:19:04.051Z] [DECISION] Plan carefully, then execute (Context: make 100 by 6pm, Risk: medium, Urgency: normal)
[2026-09-01T13:19:04.136Z] [METRICS] Cycles: 35, Tasks: 0, Decisions: 118, Uptime: 360s
[2026-09-01T13:19:04.192Z] [OPTIMIZATION] Resource optimization improved to 100.0%
[2026-09-01T13:19:04.563Z] [DECISION] Plan carefully, then execute (Context: Resource allocation needs optimization, Risk: medium, Urgency: normal)
[2026-09-01T13:19:04.564Z] [CYCLE] Operational cycle 36 complete (4:19:04 PM)
[2026-09-01T13:19:08.181Z] [DECISION] Plan carefully, then execute (Context: New pattern detected in operations, Risk: medium, Urgency: normal)
[2026-09-01T13:19:08.184Z] [CYCLE] Operational cycle 144 complete (4:19:08 PM)
[2026-09-01T13:19:14.579Z] [DECISION] Plan carefully, then execute (Context: Operational efficiency trending down, Risk: medium, Urgency: normal)
[2026-09-01T13:19:14.580Z] [CYCLE] Operational cycle 37 complete (4:19:14 PM)
[2026-09-01T13:19:18.195Z] [DECISION] Plan carefully, then execute (Context: Resource allocation needs optimization, Risk: medium, Urgency: normal)
[2026-09-01T13:19:18.213Z] [CYCLE] Operational cycle 145 complete (4:19:18 PM)
[2026-09-01T13:19:24.612Z] [DECISION] Plan carefully, then execute (Context: Resource allocation needs optimization, Risk: medium, Urgency: normal)
[2026-09-01T13:19:24.635Z] [CYCLE] Operational cycle 38 complete (4:19:24 PM)
[2026-09-01T13:19:26.586Z] [METRICS] Cycles: 145, Tasks: 0, Decisions: 156, Uptime: 2775s
[2026-09-01T13:19:26.814Z] [OPTIMIZATION] Resource optimization improved to 100.0%
[2026-09-01T13:19:28.191Z] [DECISION] Plan carefully, then execute (Context: System load increasing, Risk: medium, Urgency: normal)
[2026-09-01T13:19:28.193Z] [CYCLE] Operational cycle 146 complete (4:19:28 PM)
[2026-09-01T13:19:34.193Z] [OPTIMIZATION] Resource optimization improved to 100.0%
[2026-09-01T13:19:34.579Z] [DECISION] Plan carefully, then execute (Context: Operational efficiency trending down, Risk: medium, Urgency: normal)
[2026-09-01T13:19:34.580Z] [CYCLE] Operational cycle 39 complete (4:19:34 PM)
[2026-09-01T13:19:38.213Z] [DECISION] Plan carefully, then execute (Context: System load increasing, Risk: medium, Urgency: normal)
[2026-09-01T13:19:38.221Z] [CYCLE] Operational cycle 147 complete (4:19:38 PM)
[2026-09-01T13:19:44.579Z] [DECISION] Plan carefully, then execute (Context: New pattern detected in operations, Risk: medium, Urgency: normal)
[2026-09-01T13:19:44.580Z] [CYCLE] Operational cycle 40 complete (4:19:44 PM)
[2026-09-01T13:19:47.677Z] [DECISION] Plan carefully, then execute (Context: make 100 by 6pm, Risk: medium, Urgency: normal)
[2026-09-01T13:19:48.205Z] [DECISION] Plan carefully, then execute (Context: Resource allocation needs optimization, Risk: medium, Urgency: normal)
[2026-09-01T13:19:48.207Z] [CYCLE] Operational cycle 148 complete (4:19:48 PM)
[2026-09-01T13:19:49.321Z] [DECISION] Plan carefully, then execute (Context: make 100 by 6pm, Risk: medium, Urgency: normal)
[2026-09-01T13:19:54.427Z] [DECISION] Plan carefully, then execute (Context: make 100 by 6pm, Risk: medium, Urgency: normal)
[2026-09-01T13:19:54.596Z] [DECISION] Plan carefully, then execute (Context: Operational efficiency trending down, Risk: medium, Urgency: normal)
[2026-09-01T13:19:54.599Z] [CYCLE] Operational cycle 41 complete (4:19:54 PM)
[2026-09-01T13:19:56.823Z] [OPTIMIZATION] Resource optimization improved to 100.0%
[2026-09-01T13:19:58.228Z] [DECISION] Plan carefully, then execute (Context: Operational efficiency trending down, Risk: medium, Urgency: normal)
[2026-09-01T13:19:58.236Z] [CYCLE] Operational cycle 149 complete (4:19:58 PM)
[2026-09-01T13:20:04.140Z] [METRICS] Cycles: 41, Tasks: 0, Decisions: 124, Uptime: 420s
[2026-09-01T13:20:04.199Z] [OPTIMIZATION] Resource optimization improved to 100.0%
[2026-09-01T13:20:04.602Z] [DECISION] Plan carefully, then execute (Context: System load increasing, Risk: medium, Urgency: normal)
[2026-09-01T13:20:04.602Z] [CYCLE] Operational cycle 42 complete (4:20:04 PM)
[2026-09-01T13:20:08.230Z] [DECISION] Plan carefully, then execute (Context: Resource allocation needs optimization, Risk: medium, Urgency: normal)
[2026-09-01T13:20:08.234Z] [CYCLE] Operational cycle 150 complete (4:20:08 PM)
[2026-09-01T13:20:14.609Z] [DECISION] Plan carefully, then execute (Context: Operational efficiency trending down, Risk: medium, Urgency: normal)
[2026-09-01T13:20:14.612Z] [CYCLE] Operational cycle 43 complete (4:20:14 PM)
[2026-09-01T13:20:18.244Z] [DECISION] Plan carefully, then execute (Context: System load increasing, Risk: medium, Urgency: normal)
[2026-09-01T13:20:18.249Z] [CYCLE] Operational cycle 151 complete (4:20:18 PM)
[2026-09-01T13:20:24.610Z] [DECISION] Plan carefully, then execute (Context: New pattern detected in operations, Risk: medium, Urgency: normal)
[2026-09-01T13:20:24.612Z] [CYCLE] Operational cycle 44 complete (4:20:24 PM)
[2026-09-01T13:20:26.585Z] [METRICS] Cycles: 151, Tasks: 0, Decisions: 162, Uptime: 2835s
[2026-09-01T13:20:26.838Z] [OPTIMIZATION] Resource optimization improved to 100.0%
[2026-09-01T13:20:28.243Z] [DECISION] Plan carefully, then execute (Context: New pattern detected in operations, Risk: medium, Urgency: normal)
[2026-09-01T13:20:28.258Z] [CYCLE] Operational cycle 152 complete (4:20:28 PM)
[2026-09-01T13:20:34.201Z] [OPTIMIZATION] Resource optimization improved to 100.0%
[2026-09-01T13:20:34.614Z] [DECISION] Plan carefully, then execute (Context: System load increasing, Risk: medium, Urgency: normal)
[2026-09-01T13:20:34.618Z] [CYCLE] Operational cycle 45 complete (4:20:34 PM)
[2026-09-01T13:20:38.243Z] [DECISION] Plan carefully, then execute (Context: New pattern detected in operations, Risk: medium, Urgency: normal)
[2026-09-01T13:20:38.246Z] [CYCLE] Operational cycle 153 complete (4:20:38 PM)
[2026-09-01T13:20:44.610Z] [DECISION] Plan carefully, then execute (Context: Resource allocation needs optimization, Risk: medium, Urgency: normal)
[2026-09-01T13:20:44.611Z] [CYCLE] Operational cycle 46 complete (4:20:44 PM)
[2026-09-01T13:20:48.248Z] [DECISION] Plan carefully, then execute (Context: System load increasing, Risk: medium, Urgency: normal)
[2026-09-01T13:20:48.250Z] [CYCLE] Operational cycle 154 complete (4:20:48 PM)
[2026-09-01T13:20:54.621Z] [DECISION] Plan carefully, then execute (Context: New pattern detected in operations, Risk: medium, Urgency: normal)
[2026-09-01T13:20:54.623Z] [CYCLE] Operational cycle 47 complete (4:20:54 PM)
[2026-09-01T13:20:56.846Z] [OPTIMIZATION] Resource optimization improved to 100.0%
[2026-09-01T13:20:58.255Z] [DECISION] Plan carefully, then execute (Context: Resource allocation needs optimization, Risk: medium, Urgency: normal)
[2026-09-01T13:20:58.257Z] [CYCLE] Operational cycle 155 complete (4:20:58 PM)
[2026-09-01T13:21:04.150Z] [METRICS] Cycles: 47, Tasks: 0, Decisions: 130, Uptime: 480s
[2026-09-01T13:21:04.214Z] [OPTIMIZATION] Resource optimization improved to 100.0%
[2026-09-01T13:21:04.623Z] [DECISION] Plan carefully, then execute (Context: Resource allocation needs optimization, Risk: medium, Urgency: normal)
[2026-09-01T13:21:04.626Z] [CYCLE] Operational cycle 48 complete (4:21:04 PM)
[2026-09-01T13:21:08.292Z] [DECISION] Plan carefully, then execute (Context: Operational efficiency trending down, Risk: medium, Urgency: normal)
[2026-09-01T13:21:08.296Z] [CYCLE] Operational cycle 156 complete (4:21:08 PM)
[2026-09-01T13:21:14.624Z] [DECISION] Plan carefully, then execute (Context: System load increasing, Risk: medium, Urgency: normal)
[2026-09-01T13:21:14.627Z] [CYCLE] Operational cycle 49 complete (4:21:14 PM)
[2026-09-01T13:21:18.270Z] [DECISION] Plan carefully, then execute (Context: System load increasing, Risk: medium, Urgency: normal)
[2026-09-01T13:21:18.271Z] [CYCLE] Operational cycle 157 complete (4:21:18 PM)
[2026-09-01T13:21:24.630Z] [DECISION] Plan carefully, then execute (Context: System load increasing, Risk: medium, Urgency: normal)
[2026-09-01T13:21:24.633Z] [CYCLE] Operational cycle 50 complete (4:21:24 PM)
[2026-09-01T13:21:26.601Z] [METRICS] Cycles: 157, Tasks: 0, Decisions: 168, Uptime: 2895s
[2026-09-01T13:21:26.851Z] [OPTIMIZATION] Resource optimization improved to 100.0%
[2026-09-01T13:21:28.273Z] [DECISION] Plan carefully, then execute (Context: System load increasing, Risk: medium, Urgency: normal)
[2026-09-01T13:21:28.276Z] [CYCLE] Operational cycle 158 complete (4:21:28 PM)
[2026-09-01T13:21:34.237Z] [OPTIMIZATION] Resource optimization improved to 100.0%
[2026-09-01T13:21:34.644Z] [DECISION] Plan carefully, then execute (Context: Operational efficiency trending down, Risk: medium, Urgency: normal)
[2026-09-01T13:21:34.644Z] [CYCLE] Operational cycle 51 complete (4:21:34 PM)
[2026-09-01T13:21:38.283Z] [DECISION] Plan carefully, then execute (Context: Resource allocation needs optimization, Risk: medium, Urgency: normal)
[2026-09-01T13:21:38.285Z] [CYCLE] Operational cycle 159 complete (4:21:38 PM)
[2026-09-01T13:21:44.654Z] [DECISION] Plan carefully, then execute (Context: Resource allocation needs optimization, Risk: medium, Urgency: normal)
[2026-09-01T13:21:44.657Z] [CYCLE] Operational cycle 52 complete (4:21:44 PM)
[2026-09-01T13:21:48.300Z] [DECISION] Plan carefully, then execute (Context: Resource allocation needs optimization, Risk: medium, Urgency: normal)
[2026-09-01T13:21:48.304Z] [CYCLE] Operational cycle 160 complete (4:21:48 PM)
[2026-09-01T13:21:54.663Z] [DECISION] Plan carefully, then execute (Context: Resource allocation needs optimization, Risk: medium, Urgency: normal)
[2026-09-01T13:21:54.667Z] [CYCLE] Operational cycle 53 complete (4:21:54 PM)
[2026-09-01T13:21:56.869Z] [OPTIMIZATION] Resource optimization improved to 100.0%
[2026-09-01T13:21:58.308Z] [DECISION] Plan carefully, then execute (Context: Resource allocation needs optimization, Risk: medium, Urgency: normal)
[2026-09-01T13:21:58.311Z] [CYCLE] Operational cycle 161 complete (4:21:58 PM)
[2026-09-01T13:22:04.156Z] [METRICS] Cycles: 53, Tasks: 0, Decisions: 136, Uptime: 540s
[2026-09-01T13:22:04.247Z] [OPTIMIZATION] Resource optimization improved to 100.0%
[2026-09-01T13:22:04.685Z] [DECISION] Plan carefully, then execute (Context: System load increasing, Risk: medium, Urgency: normal)
[2026-09-01T13:22:04.687Z] [CYCLE] Operational cycle 54 complete (4:22:04 PM)
[2026-09-01T13:22:08.328Z] [DECISION] Plan carefully, then execute (Context: Resource allocation needs optimization, Risk: medium, Urgency: normal)
[2026-09-01T13:22:08.330Z] [CYCLE] Operational cycle 162 complete (4:22:08 PM)
[2026-09-01T13:22:14.714Z] [DECISION] Plan carefully, then execute (Context: Resource allocation needs optimization, Risk: medium, Urgency: normal)
[2026-09-01T13:22:14.725Z] [CYCLE] Operational cycle 55 complete (4:22:14 PM)
[2026-09-01T13:22:18.342Z] [DECISION] Plan carefully, then execute (Context: New pattern detected in operations, Risk: medium, Urgency: normal)
[2026-09-01T13:22:18.345Z] [CYCLE] Operational cycle 163 complete (4:22:18 PM)
[2026-09-01T13:22:24.700Z] [DECISION] Plan carefully, then execute (Context: System load increasing, Risk: medium, Urgency: normal)
[2026-09-01T13:22:24.705Z] [CYCLE] Operational cycle 56 complete (4:22:24 PM)
[2026-09-01T13:22:26.605Z] [METRICS] Cycles: 163, Tasks: 0, Decisions: 174, Uptime: 2955s
[2026-09-01T13:22:26.871Z] [OPTIMIZATION] Resource optimization improved to 100.0%
[2026-09-01T13:22:28.341Z] [DECISION] Plan carefully, then execute (Context: System load increasing, Risk: medium, Urgency: normal)
[2026-09-01T13:22:28.344Z] [CYCLE] Operational cycle 164 complete (4:22:28 PM)
[2026-09-01T13:22:34.251Z] [OPTIMIZATION] Resource optimization improved to 100.0%
[2026-09-01T13:22:34.708Z] [DECISION] Plan carefully, then execute (Context: Resource allocation needs optimization, Risk: medium, Urgency: normal)
[2026-09-01T13:22:34.711Z] [CYCLE] Operational cycle 57 complete (4:22:34 PM)
[2026-09-01T13:22:38.350Z] [DECISION] Plan carefully, then execute (Context: Operational efficiency trending down, Risk: medium, Urgency: normal)
[2026-09-01T13:22:38.353Z] [CYCLE] Operational cycle 165 complete (4:22:38 PM)
[2026-09-01T13:22:44.707Z] [DECISION] Plan carefully, then execute (Context: Operational efficiency trending down, Risk: medium, Urgency: normal)
[2026-09-01T13:22:44.708Z] [CYCLE] Operational cycle 58 complete (4:22:44 PM)
[2026-09-01T13:22:48.357Z] [DECISION] Plan carefully, then execute (Context: System load increasing, Risk: medium, Urgency: normal)
[2026-09-01T13:22:48.359Z] [CYCLE] Operational cycle 166 complete (4:22:48 PM)
[2026-09-01T13:22:54.722Z] [DECISION] Plan carefully, then execute (Context: Resource allocation needs optimization, Risk: medium, Urgency: normal)
[2026-09-01T13:22:54.727Z] [CYCLE] Operational cycle 59 complete (4:22:54 PM)
[2026-09-01T13:22:56.877Z] [OPTIMIZATION] Resource optimization improved to 100.0%
[2026-09-01T13:22:58.363Z] [DECISION] Plan carefully, then execute (Context: New pattern detected in operations, Risk: medium, Urgency: normal)
[2026-09-01T13:22:58.365Z] [CYCLE] Operational cycle 167 complete (4:22:58 PM)
[2026-09-01T13:23:04.161Z] [METRICS] Cycles: 59, Tasks: 0, Decisions: 142, Uptime: 600s
[2026-09-01T13:23:04.262Z] [OPTIMIZATION] Resource optimization improved to 100.0%
[2026-09-01T13:23:04.731Z] [DECISION] Plan carefully, then execute (Context: Resource allocation needs optimization, Risk: medium, Urgency: normal)
[2026-09-01T13:23:04.734Z] [CYCLE] Operational cycle 60 complete (4:23:04 PM)
[2026-09-01T13:23:08.365Z] [DECISION] Plan carefully, then execute (Context: System load increasing, Risk: medium, Urgency: normal)
[2026-09-01T13:23:08.368Z] [CYCLE] Operational cycle 168 complete (4:23:08 PM)
[2026-09-01T13:23:14.740Z] [DECISION] Plan carefully, then execute (Context: Operational efficiency trending down, Risk: medium, Urgency: normal)
[2026-09-01T13:23:14.743Z] [CYCLE] Operational cycle 61 complete (4:23:14 PM)
[2026-09-01T13:23:18.372Z] [DECISION] Plan carefully, then execute (Context: Resource allocation needs optimization, Risk: medium, Urgency: normal)
[2026-09-01T13:23:18.375Z] [CYCLE] Operational cycle 169 complete (4:23:18 PM)
[2026-09-01T13:23:24.744Z] [DECISION] Plan carefully, then execute (Context: System load increasing, Risk: medium, Urgency: normal)
[2026-09-01T13:23:24.746Z] [CYCLE] Operational cycle 62 complete (4:23:24 PM)
[2026-09-01T13:23:26.612Z] [METRICS] Cycles: 169, Tasks: 0, Decisions: 180, Uptime: 3015s
[2026-09-01T13:23:26.891Z] [OPTIMIZATION] Resource optimization improved to 100.0%
[2026-09-01T13:23:28.379Z] [DECISION] Plan carefully, then execute (Context: Operational efficiency trending down, Risk: medium, Urgency: normal)
[2026-09-01T13:23:28.382Z] [CYCLE] Operational cycle 170 complete (4:23:28 PM)
[2026-09-01T13:23:34.270Z] [OPTIMIZATION] Resource optimization improved to 100.0%
[2026-09-01T13:23:34.772Z] [DECISION] Plan carefully, then execute (Context: Operational efficiency trending down, Risk: medium, Urgency: normal)
[2026-09-01T13:23:34.785Z] [CYCLE] Operational cycle 63 complete (4:23:34 PM)
[2026-09-01T13:23:38.384Z] [DECISION] Plan carefully, then execute (Context: Resource allocation needs optimization, Risk: medium, Urgency: normal)
[2026-09-01T13:23:38.385Z] [CYCLE] Operational cycle 171 complete (4:23:38 PM)
[2026-09-01T13:23:44.765Z] [DECISION] Plan carefully, then execute (Context: New pattern detected in operations, Risk: medium, Urgency: normal)
[2026-09-01T13:23:44.766Z] [CYCLE] Operational cycle 64 complete (4:23:44 PM)
[2026-09-01T13:23:48.398Z] [DECISION] Plan carefully, then execute (Context: System load increasing, Risk: medium, Urgency: normal)
[2026-09-01T13:23:48.398Z] [CYCLE] Operational cycle 172 complete (4:23:48 PM)
[2026-09-01T13:23:54.761Z] [DECISION] Plan carefully, then execute (Context: Resource allocation needs optimization, Risk: medium, Urgency: normal)
[2026-09-01T13:23:54.766Z] [CYCLE] Operational cycle 65 complete (4:23:54 PM)
[2026-09-01T13:23:56.905Z] [OPTIMIZATION] Resource optimization improved to 100.0%
[2026-09-01T13:23:58.414Z] [DECISION] Plan carefully, then execute (Context: Resource allocation needs optimization, Risk: medium, Urgency: normal)
[2026-09-01T13:23:58.432Z] [CYCLE] Operational cycle 173 complete (4:23:58 PM)
[2026-09-01T13:24:04.171Z] [METRICS] Cycles: 65, Tasks: 0, Decisions: 148, Uptime: 660s
[2026-09-01T13:24:04.298Z] [OPTIMIZATION] Resource optimization improved to 100.0%
[2026-09-01T13:24:04.764Z] [DECISION] Plan carefully, then execute (Context: System load increasing, Risk: medium, Urgency: normal)
[2026-09-01T13:24:04.771Z] [CYCLE] Operational cycle 66 complete (4:24:04 PM)
[2026-09-01T13:24:07.906Z] [LEARNING] Auto-adapted to performance drop
[2026-09-01T13:24:08.438Z] [DECISION] Plan carefully, then execute (Context: New pattern detected in operations, Risk: medium, Urgency: normal)
[2026-09-01T13:24:08.461Z] [CYCLE] Operational cycle 174 complete (4:24:08 PM)
[2026-09-01T13:24:12.921Z] [LEARNING] Auto-adapted to performance drop
[2026-09-01T13:24:14.780Z] [DECISION] Plan carefully, then execute (Context: New pattern detected in operations, Risk: medium, Urgency: normal)
[2026-09-01T13:24:14.786Z] [CYCLE] Operational cycle 67 complete (4:24:14 PM)
[2026-09-01T13:24:18.472Z] [DECISION] Plan carefully, then execute (Context: System load increasing, Risk: medium, Urgency: normal)
[2026-09-01T13:24:18.498Z] [CYCLE] Operational cycle 175 complete (4:24:18 PM)
[2026-09-01T13:24:24.786Z] [DECISION] Plan carefully, then execute (Context: System load increasing, Risk: medium, Urgency: normal)
[2026-09-01T13:24:24.800Z] [CYCLE] Operational cycle 68 complete (4:24:24 PM)
[2026-09-01T13:24:26.620Z] [METRICS] Cycles: 175, Tasks: 0, Decisions: 186, Uptime: 3075s
[2026-09-01T13:24:26.907Z] [OPTIMIZATION] Resource optimization improved to 100.0%
[2026-09-01T13:24:28.420Z] [DECISION] Plan carefully, then execute (Context: Resource allocation needs optimization, Risk: medium, Urgency: normal)
[2026-09-01T13:24:28.423Z] [CYCLE] Operational cycle 176 complete (4:24:28 PM)
[2026-09-01T13:24:34.302Z] [OPTIMIZATION] Resource optimization improved to 100.0%
[2026-09-01T13:24:34.801Z] [DECISION] Plan carefully, then execute (Context: New pattern detected in operations, Risk: medium, Urgency: normal)
[2026-09-01T13:24:34.806Z] [CYCLE] Operational cycle 69 complete (4:24:34 PM)
[2026-09-01T15:38:27.146Z] [LEARNING] Auto-adapted to performance drop
[2026-09-01T15:38:32.151Z] [LEARNING] Auto-adapted to performance drop
[2026-09-01T15:39:21.255Z] [LEARNING] Spawned autonomous agent: order fulfillment
[2026-09-01T15:40:20.021Z] [LEARNING] Chat input: hu
[2026-09-01T15:41:15.652Z] [LEARNING] Created autonomous task template: a task to.make 100 by tomorow wire to my meta mask wallet
[2026-09-01T15:45:34.206Z] [LEARNING] Chat input: reach out for funding for our compay a drone logistics compay
[2026-09-01T15:46:26.793Z] [LEARNING] Chat input: You: reach out for fundinngg  ffoorr  oouurr  ccoommppaayy  aa  ddrroonnee  llooggiissttiiccss  ccoommppaayy
[2026-09-01T15:46:50.839Z] [LEARNING] Created autonomous task template: a task to..rreeaacchh  oouutt  ffoorr  ffuunnddiinnnngggg    ffffoooorrrr    oooouuuurrrr    ccccoooommmmppppaaaayyyy    aaaa    ddddrrrroooonnnneeee
[2026-09-01T15:50:11.712Z] [LEARNING] Auto-adapted to performance drop
[2026-09-01T15:50:16.658Z] [LEARNING] Auto-adapted to performance drop
[2026-09-01T15:51:47.010Z] [LEARNING] Created autonomous task template: make 100 $
[2026-09-01T15:52:18.186Z] [LEARNING] Created autonomous task template: make 10
[2026-09-02T12:23:20.224Z] [SCHEDULE] Task 'inventory-check' scheduled at hourly frequency
[2026-09-02T12:23:20.225Z] [SCHEDULE] Task 'process-orders' scheduled at every-15-minutes frequency
[2026-09-02T12:23:20.226Z] [PIPELINE] Added task: Update product listings
[2026-09-02T12:23:20.227Z] [PIPELINE] Added task: Process customer refunds
[2026-09-02T12:23:20.227Z] [PIPELINE] Added task: Generate sales reports
[2026-09-02T12:23:20.229Z] [LEARNING] E-commerce operations pipeline established
[2026-09-02T12:23:20.231Z] [SCHEDULE] Task 'process-support-tickets' scheduled at every-30-minutes frequency
[2026-09-02T12:23:20.231Z] [PIPELINE] Added task: Respond to customer inquiries
[2026-09-02T12:23:20.232Z] [PIPELINE] Added task: Process complaints
[2026-09-02T12:23:20.233Z] [LEARNING] Customer service operations established
[2026-09-02T12:23:20.236Z] [DECISION] Plan carefully, then execute (Context: A product is going out of stock with high demand, Risk: medium, Urgency: normal)
[2026-09-02T12:23:20.238Z] [DECISION] Plan carefully, then execute (Context: Customer satisfaction score dropped 5%, Risk: medium, Urgency: normal)
[2026-09-02T12:23:20.240Z] [DECISION] Plan carefully, then execute (Context: Server response time increased, Risk: medium, Urgency: normal)
[2026-09-02T12:23:20.243Z] [DECISION] Plan carefully, then execute (Context: New competitor launched similar product, Risk: medium, Urgency: normal)
[2026-09-02T12:23:20.246Z] [DECISION] Plan carefully, then execute (Context: Budget for Q4 needs optimization, Risk: medium, Urgency: normal)
[2026-09-02T12:23:20.251Z] [LEARNING] Improvised solution for: Need to reduce shipping costs by 20% without affecting delivery time
[2026-09-02T12:23:20.253Z] [LEARNING] Improvised solution for: Customer retention declining, need retention strategy
[2026-09-02T12:23:20.256Z] [LEARNING] Improvised solution for: Team is overloaded, need process optimization
[2026-09-02T12:23:20.259Z] [LEARNING] Skill 'task-execution' improved to level 1.10
[2026-09-02T12:23:20.261Z] [LEARNING] Skill 'decision-making' improved to level 1.10
[2026-09-02T12:23:20.263Z] [LEARNING] Skill 'problem-solving' improved to level 1.05
[2026-09-02T12:23:20.265Z] [LEARNING] Skill 'automation' improved to level 1.10
[2026-09-02T12:23:20.267Z] [EXECUTION] Executing: Process customer refunds
[2026-09-02T12:23:20.268Z] [EXECUTION] Executing: Process complaints
[2026-09-02T12:23:20.268Z] [EXECUTION] Executing: Update product listings
[2026-09-02T12:23:20.269Z] [EXECUTION] Executing: Respond to customer inquiries
[2026-09-02T12:23:20.269Z] [EXECUTION] Executing: Generate sales reports
[2026-09-02T12:23:20.272Z] [OPTIMIZATION] Resource optimization improved to 90.0%
[2026-09-02T12:23:20.273Z] [OPTIMIZATION] Resource optimization improved to 95.0%
[2026-09-02T12:23:20.274Z] [OPTIMIZATION] Resource optimization improved to 100.0%
[2026-09-02T12:23:20.275Z] [OPTIMIZATION] Resource optimization improved to 100.0%
[2026-09-02T12:23:20.276Z] [OPTIMIZATION] Resource optimization improved to 100.0%
[2026-09-02T12:24:07.308Z] [SCHEDULE] Task 'inventory-check' scheduled at hourly frequency
[2026-09-02T12:24:07.308Z] [SCHEDULE] Task 'process-orders' scheduled at every-15-minutes frequency
[2026-09-02T12:24:07.309Z] [PIPELINE] Added task: Update product listings
[2026-09-02T12:24:07.309Z] [PIPELINE] Added task: Process customer refunds
[2026-09-02T12:24:07.310Z] [PIPELINE] Added task: Generate sales reports
[2026-09-02T12:24:07.311Z] [LEARNING] E-commerce operations pipeline established
[2026-09-02T12:24:07.313Z] [SCHEDULE] Task 'process-support-tickets' scheduled at every-30-minutes frequency
[2026-09-02T12:24:07.313Z] [PIPELINE] Added task: Respond to customer inquiries
[2026-09-02T12:24:07.314Z] [PIPELINE] Added task: Process complaints
[2026-09-02T12:24:07.315Z] [LEARNING] Customer service operations established
[2026-09-02T12:24:07.318Z] [DECISION] Plan carefully, then execute (Context: A product is going out of stock with high demand, Risk: medium, Urgency: normal)
[2026-09-02T12:24:07.321Z] [DECISION] Plan carefully, then execute (Context: Customer satisfaction score dropped 5%, Risk: medium, Urgency: normal)
[2026-09-02T12:24:07.323Z] [DECISION] Plan carefully, then execute (Context: Server response time increased, Risk: medium, Urgency: normal)
[2026-09-02T12:24:07.326Z] [DECISION] Plan carefully, then execute (Context: New competitor launched similar product, Risk: medium, Urgency: normal)
[2026-09-02T12:24:07.329Z] [DECISION] Plan carefully, then execute (Context: Budget for Q4 needs optimization, Risk: medium, Urgency: normal)
[2026-09-02T12:24:07.331Z] [LEARNING] Improvised solution for: Need to reduce shipping costs by 20% without affecting delivery time
[2026-09-02T12:24:07.333Z] [LEARNING] Improvised solution for: Customer retention declining, need retention strategy
[2026-09-02T12:24:07.336Z] [LEARNING] Improvised solution for: Team is overloaded, need process optimization
[2026-09-02T12:24:07.339Z] [LEARNING] Skill 'task-execution' improved to level 1.10
[2026-09-02T12:24:07.341Z] [LEARNING] Skill 'decision-making' improved to level 1.10
[2026-09-02T12:24:07.343Z] [LEARNING] Skill 'problem-solving' improved to level 1.05
[2026-09-02T12:24:07.345Z] [LEARNING] Skill 'automation' improved to level 1.10
[2026-09-02T12:24:07.347Z] [EXECUTION] Executing: Process customer refunds
[2026-09-02T12:24:07.347Z] [EXECUTION] Executing: Process complaints
[2026-09-02T12:24:07.348Z] [EXECUTION] Executing: Update product listings
[2026-09-02T12:24:07.349Z] [EXECUTION] Executing: Respond to customer inquiries
[2026-09-02T12:24:07.349Z] [EXECUTION] Executing: Generate sales reports
[2026-09-02T12:24:07.352Z] [OPTIMIZATION] Resource optimization improved to 90.0%
[2026-09-02T12:24:07.353Z] [OPTIMIZATION] Resource optimization improved to 95.0%
[2026-09-02T12:24:07.353Z] [OPTIMIZATION] Resource optimization improved to 100.0%
[2026-09-02T12:24:07.354Z] [OPTIMIZATION] Resource optimization improved to 100.0%
[2026-09-02T12:24:07.356Z] [OPTIMIZATION] Resource optimization improved to 100.0%
[2026-09-02T12:25:35.352Z] [SCHEDULE] Task 'inventory-check' scheduled at hourly frequency
[2026-09-02T12:25:35.352Z] [SCHEDULE] Task 'process-orders' scheduled at every-15-minutes frequency
[2026-09-02T12:25:35.353Z] [PIPELINE] Added task: Update product listings
[2026-09-02T12:25:35.354Z] [PIPELINE] Added task: Process customer refunds
[2026-09-02T12:25:35.354Z] [PIPELINE] Added task: Generate sales reports
[2026-09-02T12:25:35.356Z] [LEARNING] E-commerce operations pipeline established
[2026-09-02T12:25:35.357Z] [SCHEDULE] Task 'process-support-tickets' scheduled at every-30-minutes frequency
[2026-09-02T12:25:35.358Z] [PIPELINE] Added task: Respond to customer inquiries
[2026-09-02T12:25:35.358Z] [PIPELINE] Added task: Process complaints
[2026-09-02T12:25:35.360Z] [LEARNING] Customer service operations established
[2026-09-02T12:25:35.362Z] [DECISION] Plan carefully, then execute (Context: A product is going out of stock with high demand, Risk: medium, Urgency: normal)
[2026-09-02T12:25:35.365Z] [DECISION] Plan carefully, then execute (Context: Customer satisfaction score dropped 5%, Risk: medium, Urgency: normal)
[2026-09-02T12:25:35.367Z] [DECISION] Plan carefully, then execute (Context: Server response time increased, Risk: medium, Urgency: normal)
[2026-09-02T12:25:35.370Z] [DECISION] Plan carefully, then execute (Context: New competitor launched similar product, Risk: medium, Urgency: normal)
[2026-09-02T12:25:35.372Z] [DECISION] Plan carefully, then execute (Context: Budget for Q4 needs optimization, Risk: medium, Urgency: normal)
[2026-09-02T12:25:35.375Z] [LEARNING] Improvised solution for: Need to reduce shipping costs by 20% without affecting delivery time
[2026-09-02T12:25:35.377Z] [LEARNING] Improvised solution for: Customer retention declining, need retention strategy
[2026-09-02T12:25:35.380Z] [LEARNING] Improvised solution for: Team is overloaded, need process optimization
[2026-09-02T12:25:35.382Z] [LEARNING] Skill 'task-execution' improved to level 1.10
[2026-09-02T12:25:35.383Z] [LEARNING] Skill 'decision-making' improved to level 1.10
[2026-09-02T12:25:35.385Z] [LEARNING] Skill 'problem-solving' improved to level 1.05
[2026-09-02T12:25:35.387Z] [LEARNING] Skill 'automation' improved to level 1.10
[2026-09-02T12:25:35.389Z] [EXECUTION] Executing: Process customer refunds
[2026-09-02T12:25:35.389Z] [EXECUTION] Executing: Process complaints
[2026-09-02T12:25:35.389Z] [EXECUTION] Executing: Update product listings
[2026-09-02T12:25:35.390Z] [EXECUTION] Executing: Respond to customer inquiries
[2026-09-02T12:25:35.390Z] [EXECUTION] Executing: Generate sales reports
[2026-09-02T12:25:35.393Z] [OPTIMIZATION] Resource optimization improved to 90.0%
[2026-09-02T12:25:35.393Z] [OPTIMIZATION] Resource optimization improved to 95.0%
[2026-09-02T12:25:35.394Z] [OPTIMIZATION] Resource optimization improved to 100.0%
[2026-09-02T12:25:35.395Z] [OPTIMIZATION] Resource optimization improved to 100.0%
[2026-09-02T12:25:35.396Z] [OPTIMIZATION] Resource optimization improved to 100.0%
[2026-09-02T12:26:46.500Z] [LEARNING] Auto-adapted to performance drop
[2026-09-02T12:26:51.500Z] [LEARNING] Auto-adapted to performance drop
[2026-09-02T12:27:35.903Z] [LEARNING] Created autonomous task template: 8
[2026-09-02T12:32:05.112Z] [LEARNING] Auto-adapted to performance drop
[2026-09-02T12:32:10.113Z] [LEARNING] Auto-adapted to performance drop
[2026-09-02T12:35:31.629Z] [LEARNING] Auto-adapted to performance drop
[2026-09-02T12:35:36.641Z] [LEARNING] Auto-adapted to performance drop
[2026-09-02T12:36:06.818Z] [LEARNING] Spawned autonomous agent: 11
[2026-09-02T12:36:43.145Z] [LEARNING] Auto-adapted to performance drop
[2026-09-02T12:36:48.151Z] [LEARNING] Auto-adapted to performance drop
[2026-09-02T12:37:18.857Z] [LEARNING] Created autonomous task template: 13
[2026-09-02T12:38:25.098Z] [LEARNING] Auto-adapted to performance drop
[2026-09-02T12:38:30.108Z] [LEARNING] Auto-adapted to performance drop
[2026-09-02T12:39:32.542Z] [LEARNING] Created autonomous task template: make 100$ daily wire to my metamask wallet
[2026-09-02T13:42:06.291Z] [LEARNING] Auto-adapted to performance drop
[2026-09-02T13:42:11.300Z] [LEARNING] Auto-adapted to performance drop
[2026-09-02T13:43:02.609Z] [LEARNING] Spawned autonomous agent: trading bot
[2026-09-02T13:43:35.462Z] [LEARNING] Auto-adapted to performance drop
[2026-09-02T13:43:40.468Z] [LEARNING] Auto-adapted to performance drop
[2026-09-02T13:44:09.084Z] [LEARNING] Auto-adapted to performance drop
[2026-09-02T13:44:14.096Z] [LEARNING] Auto-adapted to performance drop
[2026-09-02T13:45:00.976Z] [LEARNING] Coordinated 0 tasks across 3 agents
[2026-09-02T13:45:30.635Z] [LEARNING] Auto-adapted to performance drop
[2026-09-02T13:45:35.637Z] [LEARNING] Auto-adapted to performance drop
[2026-09-02T18:07:06.905Z] [LEARNING] Auto-adapted to performance drop
[2026-09-02T18:07:11.798Z] [LEARNING] Auto-adapted to performance drop
[2026-09-02T18:07:41.111Z] [LEARNING] Chat input: wat can u do
[2026-09-02T18:08:13.262Z] [DECISION] Plan carefully, then execute (Context: a   whether we  expand to a new market given current costs, Risk: medium, Urgency: normal)
[2026-09-02T18:09:01.689Z] [LEARNING] Chat input: can u make 100000 mounthly
[2026-09-02T18:09:50.575Z] [LEARNING] Created autonomous task template: a task to make 1000000000 mounthly
[2026-09-02T18:11:10.103Z] [LEARNING] Spawned autonomous agent: dropshiping make sue it eans 2000000 mounthly
[2026-09-02T18:12:33.045Z] [LEARNING] Spawned autonomous agent: Autonomous Agent
[2026-09-02T18:12:59.614Z] [LEARNING] Created autonomous task template: a task to process customer orders
[2026-09-02T18:13:14.733Z] [DECISION] Plan carefully, then execute (Context: a   how to reduce shipping costs by 20%, Risk: medium, Urgency: normal)
[2026-09-02T18:13:38.679Z] [LEARNING] Chat input: exit
[2026-09-02T18:13:38.691Z] [LEARNING] Chat session: 12 turns
[2026-09-02T18:13:44.818Z] [LEARNING] Auto-adapted to performance drop
[2026-09-02T18:13:49.826Z] [LEARNING] Auto-adapted to performance drop
[2026-09-02T18:14:10.300Z] [OPTIMIZATION] Resource optimization improved to 90.0%
[2026-09-02T18:14:20.331Z] [OPTIMIZATION] Resource optimization improved to 95.0%
[2026-09-02T18:14:30.391Z] [OPTIMIZATION] Resource optimization improved to 100.0%
[2026-09-02T18:14:40.479Z] [OPTIMIZATION] Resource optimization improved to 100.0%
[2026-09-02T18:14:50.537Z] [OPTIMIZATION] Resource optimization improved to 100.0%
[2026-09-02T18:14:58.090Z] [LEARNING] Auto-adapted to performance drop
[2026-09-02T18:15:00.591Z] [OPTIMIZATION] Resource optimization improved to 100.0%
[2026-09-02T18:15:03.093Z] [LEARNING] Auto-adapted to performance drop
[2026-09-02T18:15:03.346Z] [DECISION] Plan carefully, then execute (Context: Resource allocation needs optimization, Risk: medium, Urgency: normal)
[2026-09-02T18:15:03.347Z] [AGENT-OVERLOAD] Agent order fulfillment overloaded with 15208 tasks
[2026-09-02T18:15:03.347Z] [AGENT-OVERLOAD] Agent 11 overloaded with 15208 tasks
[2026-09-02T18:15:03.348Z] [AGENT-OVERLOAD] Agent trading bot overloaded with 15207 tasks
[2026-09-02T18:15:03.348Z] [AGENT-IDLE] Agent dropshiping make sue it eans 2000000 mounthly is idle
[2026-09-02T18:15:03.349Z] [AGENT-IDLE] Agent Autonomous Agent is idle
[2026-09-02T18:15:03.349Z] [CYCLE] Operational cycle 1 complete (9:15:03 PM)
[2026-09-02T18:15:13.220Z] [DECISION] Plan carefully, then execute (Context: Resource allocation needs optimization, Risk: medium, Urgency: normal)
[2026-09-02T18:15:13.220Z] [AGENT-OVERLOAD] Agent order fulfillment overloaded with 15208 tasks
[2026-09-02T18:15:13.221Z] [AGENT-OVERLOAD] Agent 11 overloaded with 15208 tasks
[2026-09-02T18:15:13.222Z] [AGENT-OVERLOAD] Agent trading bot overloaded with 15207 tasks
[2026-09-02T18:15:13.223Z] [AGENT-IDLE] Agent dropshiping make sue it eans 2000000 mounthly is idle
[2026-09-02T18:15:13.223Z] [AGENT-IDLE] Agent Autonomous Agent is idle
[2026-09-02T18:15:13.224Z] [CYCLE] Operational cycle 2 complete (9:15:13 PM)
[2026-09-02T18:15:23.207Z] [OPTIMIZATION] Resource optimization improved to 90.0%
[2026-09-02T18:15:23.234Z] [DECISION] Plan carefully, then execute (Context: Operational efficiency trending down, Risk: medium, Urgency: normal)
[2026-09-02T18:15:23.235Z] [AGENT-OVERLOAD] Agent order fulfillment overloaded with 15208 tasks
[2026-09-02T18:15:23.236Z] [AGENT-OVERLOAD] Agent 11 overloaded with 15208 tasks
[2026-09-02T18:15:23.236Z] [AGENT-OVERLOAD] Agent trading bot overloaded with 15207 tasks
[2026-09-02T18:15:23.237Z] [AGENT-IDLE] Agent dropshiping make sue it eans 2000000 mounthly is idle
[2026-09-02T18:15:23.237Z] [AGENT-IDLE] Agent Autonomous Agent is idle
[2026-09-02T18:15:23.238Z] [CYCLE] Operational cycle 3 complete (9:15:23 PM)
[2026-09-02T18:15:33.239Z] [DECISION] Plan carefully, then execute (Context: Operational efficiency trending down, Risk: medium, Urgency: normal)
[2026-09-02T18:15:33.241Z] [AGENT-OVERLOAD] Agent order fulfillment overloaded with 15208 tasks
[2026-09-02T18:15:33.243Z] [AGENT-OVERLOAD] Agent 11 overloaded with 15208 tasks
[2026-09-02T18:15:33.246Z] [AGENT-OVERLOAD] Agent trading bot overloaded with 15207 tasks
[2026-09-02T18:15:33.247Z] [AGENT-IDLE] Agent dropshiping make sue it eans 2000000 mounthly is idle
[2026-09-02T18:15:33.249Z] [AGENT-IDLE] Agent Autonomous Agent is idle
[2026-09-02T18:15:33.250Z] [CYCLE] Operational cycle 4 complete (9:15:33 PM)
[2026-09-02T18:15:33.631Z] [SHUTDOWN] Daemon shutdown after 40s uptime, 4 cycles, 0 tasks
[2026-09-02T18:17:18.543Z] [SCHEDULE] Task 'inventory-check' scheduled at hourly frequency
[2026-09-02T18:17:18.544Z] [SCHEDULE] Task 'process-orders' scheduled at every-15-minutes frequency
[2026-09-02T18:17:18.545Z] [PIPELINE] Added task: Update product listings
[2026-09-02T18:17:18.546Z] [PIPELINE] Added task: Process customer refunds
[2026-09-02T18:17:18.547Z] [PIPELINE] Added task: Generate sales reports
[2026-09-02T18:17:18.548Z] [LEARNING] E-commerce operations pipeline established
[2026-09-02T18:17:18.550Z] [SCHEDULE] Task 'process-support-tickets' scheduled at every-30-minutes frequency
[2026-09-02T18:17:18.550Z] [PIPELINE] Added task: Respond to customer inquiries
[2026-09-02T18:17:18.551Z] [PIPELINE] Added task: Process complaints
[2026-09-02T18:17:18.553Z] [LEARNING] Customer service operations established
[2026-09-02T18:17:18.557Z] [DECISION] Plan carefully, then execute (Context: A product is going out of stock with high demand, Risk: medium, Urgency: normal)
[2026-09-02T18:17:18.561Z] [DECISION] Plan carefully, then execute (Context: Customer satisfaction score dropped 5%, Risk: medium, Urgency: normal)
[2026-09-02T18:17:18.563Z] [DECISION] Plan carefully, then execute (Context: Server response time increased, Risk: medium, Urgency: normal)
[2026-09-02T18:17:18.568Z] [DECISION] Plan carefully, then execute (Context: New competitor launched similar product, Risk: medium, Urgency: normal)
[2026-09-02T18:17:18.570Z] [DECISION] Plan carefully, then execute (Context: Budget for Q4 needs optimization, Risk: medium, Urgency: normal)
[2026-09-02T18:17:18.575Z] [LEARNING] Improvised solution for: Need to reduce shipping costs by 20% without affecting delivery time
[2026-09-02T18:17:18.578Z] [LEARNING] Improvised solution for: Customer retention declining, need retention strategy
[2026-09-02T18:17:18.581Z] [LEARNING] Improvised solution for: Team is overloaded, need process optimization
[2026-09-02T18:17:18.584Z] [LEARNING] Skill 'task-execution' improved to level 1.10
[2026-09-02T18:17:18.587Z] [LEARNING] Skill 'decision-making' improved to level 1.10
[2026-09-02T18:17:18.589Z] [LEARNING] Skill 'problem-solving' improved to level 1.05
[2026-09-02T18:17:18.593Z] [LEARNING] Skill 'automation' improved to level 1.10
[2026-09-02T18:17:18.595Z] [EXECUTION] Executing: Process customer refunds
[2026-09-02T18:17:18.595Z] [EXECUTION] Executing: Process complaints
[2026-09-02T18:17:18.596Z] [EXECUTION] Executing: Update product listings
[2026-09-02T18:17:18.596Z] [EXECUTION] Executing: Respond to customer inquiries
[2026-09-02T18:17:18.597Z] [EXECUTION] Executing: Generate sales reports
[2026-09-02T18:17:18.600Z] [OPTIMIZATION] Resource optimization improved to 90.0%
[2026-09-02T18:17:18.601Z] [OPTIMIZATION] Resource optimization improved to 95.0%
[2026-09-02T18:17:18.602Z] [OPTIMIZATION] Resource optimization improved to 100.0%
[2026-09-02T18:17:18.602Z] [OPTIMIZATION] Resource optimization improved to 100.0%
[2026-09-02T18:17:18.603Z] [OPTIMIZATION] Resource optimization improved to 100.0%
[2026-09-02T18:18:24.082Z] [LEARNING] Discovered new capability in domain: dropshiping
[2026-09-02T18:18:47.151Z] [LEARNING] Auto-adapted to performance drop
[2026-09-02T18:18:52.162Z] [LEARNING] Auto-adapted to performance drop
[2026-09-02T18:18:52.350Z] [DECISION] Plan carefully, then execute (Context: Operational efficiency trending down, Risk: medium, Urgency: normal)
[2026-09-02T18:18:52.351Z] [AGENT-OVERLOAD] Agent order fulfillment overloaded with 15208 tasks
[2026-09-02T18:18:52.351Z] [AGENT-OVERLOAD] Agent 11 overloaded with 15208 tasks
[2026-09-02T18:18:52.352Z] [AGENT-OVERLOAD] Agent trading bot overloaded with 15207 tasks
[2026-09-02T18:18:52.353Z] [AGENT-IDLE] Agent dropshiping make sue it eans 2000000 mounthly is idle
[2026-09-02T18:18:52.353Z] [AGENT-IDLE] Agent Autonomous Agent is idle
[2026-09-02T18:18:52.354Z] [CYCLE] Operational cycle 1 complete (9:18:52 PM)
[2026-09-02T18:19:02.275Z] [DECISION] Plan carefully, then execute (Context: Resource allocation needs optimization, Risk: medium, Urgency: normal)
[2026-09-02T18:19:02.276Z] [AGENT-OVERLOAD] Agent order fulfillment overloaded with 15208 tasks
[2026-09-02T18:19:02.276Z] [AGENT-OVERLOAD] Agent 11 overloaded with 15208 tasks
[2026-09-02T18:19:02.277Z] [AGENT-OVERLOAD] Agent trading bot overloaded with 15207 tasks
[2026-09-02T18:19:02.278Z] [AGENT-IDLE] Agent dropshiping make sue it eans 2000000 mounthly is idle
[2026-09-02T18:19:02.279Z] [AGENT-IDLE] Agent Autonomous Agent is idle
[2026-09-02T18:19:02.280Z] [CYCLE] Operational cycle 2 complete (9:19:02 PM)
[2026-09-02T18:19:12.244Z] [OPTIMIZATION] Resource optimization improved to 90.0%
[2026-09-02T18:19:12.276Z] [DECISION] Plan carefully, then execute (Context: System load increasing, Risk: medium, Urgency: normal)
[2026-09-02T18:19:12.277Z] [AGENT-OVERLOAD] Agent order fulfillment overloaded with 15208 tasks
[2026-09-02T18:19:12.277Z] [AGENT-OVERLOAD] Agent 11 overloaded with 15208 tasks
[2026-09-02T18:19:12.278Z] [AGENT-OVERLOAD] Agent trading bot overloaded with 15207 tasks
[2026-09-02T18:19:12.278Z] [AGENT-IDLE] Agent dropshiping make sue it eans 2000000 mounthly is idle
[2026-09-02T18:19:12.279Z] [AGENT-IDLE] Agent Autonomous Agent is idle
[2026-09-02T18:19:12.280Z] [CYCLE] Operational cycle 3 complete (9:19:12 PM)
[2026-09-02T18:19:22.283Z] [DECISION] Plan carefully, then execute (Context: New pattern detected in operations, Risk: medium, Urgency: normal)
[2026-09-02T18:19:22.284Z] [AGENT-OVERLOAD] Agent order fulfillment overloaded with 15208 tasks
[2026-09-02T18:19:22.285Z] [AGENT-OVERLOAD] Agent 11 overloaded with 15208 tasks
[2026-09-02T18:19:22.285Z] [AGENT-OVERLOAD] Agent trading bot overloaded with 15207 tasks
[2026-09-02T18:19:22.286Z] [AGENT-IDLE] Agent dropshiping make sue it eans 2000000 mounthly is idle
[2026-09-02T18:19:22.287Z] [AGENT-IDLE] Agent Autonomous Agent is idle
[2026-09-02T18:19:22.288Z] [CYCLE] Operational cycle 4 complete (9:19:22 PM)
[2026-09-02T18:19:32.295Z] [DECISION] Plan carefully, then execute (Context: New pattern detected in operations, Risk: medium, Urgency: normal)
[2026-09-02T18:19:32.296Z] [AGENT-OVERLOAD] Agent order fulfillment overloaded with 15208 tasks
[2026-09-02T18:19:32.297Z] [AGENT-OVERLOAD] Agent 11 overloaded with 15208 tasks
[2026-09-02T18:19:32.298Z] [AGENT-OVERLOAD] Agent trading bot overloaded with 15207 tasks
[2026-09-02T18:19:32.299Z] [AGENT-IDLE] Agent dropshiping make sue it eans 2000000 mounthly is idle
[2026-09-02T18:19:32.300Z] [AGENT-IDLE] Agent Autonomous Agent is idle
[2026-09-02T18:19:32.301Z] [CYCLE] Operational cycle 5 complete (9:19:32 PM)
[2026-09-02T18:19:42.244Z] [METRICS] Cycles: 5, Tasks: 12, Decisions: 174, Uptime: 60s
[2026-09-02T18:19:42.246Z] [OPTIMIZATION] Resource optimization improved to 95.0%
[2026-09-02T18:19:42.302Z] [DECISION] Plan carefully, then execute (Context: Resource allocation needs optimization, Risk: medium, Urgency: normal)
[2026-09-02T18:19:42.303Z] [AGENT-OVERLOAD] Agent order fulfillment overloaded with 15208 tasks
[2026-09-02T18:19:42.304Z] [AGENT-OVERLOAD] Agent 11 overloaded with 15208 tasks
[2026-09-02T18:19:42.304Z] [AGENT-OVERLOAD] Agent trading bot overloaded with 15207 tasks
[2026-09-02T18:19:42.305Z] [AGENT-IDLE] Agent dropshiping make sue it eans 2000000 mounthly is idle
[2026-09-02T18:19:42.305Z] [AGENT-IDLE] Agent Autonomous Agent is idle
[2026-09-02T18:19:42.306Z] [CYCLE] Operational cycle 6 complete (9:19:42 PM)
[2026-09-02T18:19:52.312Z] [DECISION] Plan carefully, then execute (Context: Operational efficiency trending down, Risk: medium, Urgency: normal)
[2026-09-02T18:19:52.313Z] [AGENT-OVERLOAD] Agent order fulfillment overloaded with 15208 tasks
[2026-09-02T18:19:52.314Z] [AGENT-OVERLOAD] Agent 11 overloaded with 15208 tasks
[2026-09-02T18:19:52.314Z] [AGENT-OVERLOAD] Agent trading bot overloaded with 15207 tasks
[2026-09-02T18:19:52.315Z] [AGENT-IDLE] Agent dropshiping make sue it eans 2000000 mounthly is idle
[2026-09-02T18:19:52.316Z] [AGENT-IDLE] Agent Autonomous Agent is idle
[2026-09-02T18:19:52.316Z] [CYCLE] Operational cycle 7 complete (9:19:52 PM)
[2026-09-02T18:20:02.320Z] [DECISION] Plan carefully, then execute (Context: Operational efficiency trending down, Risk: medium, Urgency: normal)
[2026-09-02T18:20:02.321Z] [AGENT-OVERLOAD] Agent order fulfillment overloaded with 15208 tasks
[2026-09-02T18:20:02.322Z] [AGENT-OVERLOAD] Agent 11 overloaded with 15208 tasks
[2026-09-02T18:20:02.322Z] [AGENT-OVERLOAD] Agent trading bot overloaded with 15207 tasks
[2026-09-02T18:20:02.323Z] [AGENT-IDLE] Agent dropshiping make sue it eans 2000000 mounthly is idle
[2026-09-02T18:20:02.324Z] [AGENT-IDLE] Agent Autonomous Agent is idle
[2026-09-02T18:20:02.324Z] [CYCLE] Operational cycle 8 complete (9:20:02 PM)
[2026-09-02T18:20:12.255Z] [OPTIMIZATION] Resource optimization improved to 100.0%
[2026-09-02T18:20:12.346Z] [DECISION] Plan carefully, then execute (Context: System load increasing, Risk: medium, Urgency: normal)
[2026-09-02T18:20:12.347Z] [AGENT-OVERLOAD] Agent order fulfillment overloaded with 15208 tasks
[2026-09-02T18:20:12.348Z] [AGENT-OVERLOAD] Agent 11 overloaded with 15208 tasks
[2026-09-02T18:20:12.349Z] [AGENT-OVERLOAD] Agent trading bot overloaded with 15207 tasks
[2026-09-02T18:20:12.350Z] [AGENT-IDLE] Agent dropshiping make sue it eans 2000000 mounthly is idle
[2026-09-02T18:20:12.351Z] [AGENT-IDLE] Agent Autonomous Agent is idle
[2026-09-02T18:20:12.353Z] [CYCLE] Operational cycle 9 complete (9:20:12 PM)
[2026-09-02T18:20:22.357Z] [DECISION] Plan carefully, then execute (Context: New pattern detected in operations, Risk: medium, Urgency: normal)
[2026-09-02T18:20:22.359Z] [AGENT-OVERLOAD] Agent order fulfillment overloaded with 15208 tasks
[2026-09-02T18:20:22.361Z] [AGENT-OVERLOAD] Agent 11 overloaded with 15208 tasks
[2026-09-02T18:20:22.364Z] [AGENT-OVERLOAD] Agent trading bot overloaded with 15207 tasks
[2026-09-02T18:20:22.366Z] [AGENT-IDLE] Agent dropshiping make sue it eans 2000000 mounthly is idle
[2026-09-02T18:20:22.368Z] [AGENT-IDLE] Agent Autonomous Agent is idle
[2026-09-02T18:20:22.370Z] [CYCLE] Operational cycle 10 complete (9:20:22 PM)
[2026-09-02T18:20:32.389Z] [DECISION] Plan carefully, then execute (Context: New pattern detected in operations, Risk: medium, Urgency: normal)
[2026-09-02T18:20:32.390Z] [AGENT-OVERLOAD] Agent order fulfillment overloaded with 15208 tasks
[2026-09-02T18:20:32.391Z] [AGENT-OVERLOAD] Agent 11 overloaded with 15208 tasks
[2026-09-02T18:20:32.396Z] [AGENT-OVERLOAD] Agent trading bot overloaded with 15207 tasks
[2026-09-02T18:20:32.404Z] [AGENT-IDLE] Agent dropshiping make sue it eans 2000000 mounthly is idle
[2026-09-02T18:20:32.404Z] [AGENT-IDLE] Agent Autonomous Agent is idle
[2026-09-02T18:20:32.406Z] [CYCLE] Operational cycle 11 complete (9:20:32 PM)
[2026-09-02T18:20:42.257Z] [METRICS] Cycles: 11, Tasks: 12, Decisions: 180, Uptime: 120s
[2026-09-02T18:20:42.264Z] [OPTIMIZATION] Resource optimization improved to 100.0%
[2026-09-02T18:20:42.393Z] [DECISION] Plan carefully, then execute (Context: System load increasing, Risk: medium, Urgency: normal)
[2026-09-02T18:20:42.394Z] [AGENT-OVERLOAD] Agent order fulfillment overloaded with 15208 tasks
[2026-09-02T18:20:42.394Z] [AGENT-OVERLOAD] Agent 11 overloaded with 15208 tasks
[2026-09-02T18:20:42.395Z] [AGENT-OVERLOAD] Agent trading bot overloaded with 15207 tasks
[2026-09-02T18:20:42.395Z] [AGENT-IDLE] Agent dropshiping make sue it eans 2000000 mounthly is idle
[2026-09-02T18:20:42.396Z] [AGENT-IDLE] Agent Autonomous Agent is idle
[2026-09-02T18:20:42.396Z] [CYCLE] Operational cycle 12 complete (9:20:42 PM)
[2026-09-02T18:20:52.396Z] [DECISION] Plan carefully, then execute (Context: Resource allocation needs optimization, Risk: medium, Urgency: normal)
[2026-09-02T18:20:52.397Z] [AGENT-OVERLOAD] Agent order fulfillment overloaded with 15208 tasks
[2026-09-02T18:20:52.398Z] [AGENT-OVERLOAD] Agent 11 overloaded with 15208 tasks
[2026-09-02T18:20:52.399Z] [AGENT-OVERLOAD] Agent trading bot overloaded with 15207 tasks
[2026-09-02T18:20:52.399Z] [AGENT-IDLE] Agent dropshiping make sue it eans 2000000 mounthly is idle
[2026-09-02T18:20:52.400Z] [AGENT-IDLE] Agent Autonomous Agent is idle
[2026-09-02T18:20:52.401Z] [CYCLE] Operational cycle 13 complete (9:20:52 PM)
[2026-09-02T18:21:02.413Z] [DECISION] Plan carefully, then execute (Context: Resource allocation needs optimization, Risk: medium, Urgency: normal)
[2026-09-02T18:21:02.413Z] [AGENT-OVERLOAD] Agent order fulfillment overloaded with 15208 tasks
[2026-09-02T18:21:02.414Z] [AGENT-OVERLOAD] Agent 11 overloaded with 15208 tasks
[2026-09-02T18:21:02.414Z] [AGENT-OVERLOAD] Agent trading bot overloaded with 15207 tasks
[2026-09-02T18:21:02.415Z] [AGENT-IDLE] Agent dropshiping make sue it eans 2000000 mounthly is idle
[2026-09-02T18:21:02.416Z] [AGENT-IDLE] Agent Autonomous Agent is idle
[2026-09-02T18:21:02.416Z] [CYCLE] Operational cycle 14 complete (9:21:02 PM)
[2026-09-02T18:21:12.274Z] [OPTIMIZATION] Resource optimization improved to 100.0%
[2026-09-02T18:21:12.420Z] [DECISION] Plan carefully, then execute (Context: Resource allocation needs optimization, Risk: medium, Urgency: normal)
[2026-09-02T18:21:12.421Z] [AGENT-OVERLOAD] Agent order fulfillment overloaded with 15208 tasks
[2026-09-02T18:21:12.422Z] [AGENT-OVERLOAD] Agent 11 overloaded with 15208 tasks
[2026-09-02T18:21:12.423Z] [AGENT-OVERLOAD] Agent trading bot overloaded with 15207 tasks
[2026-09-02T18:21:12.424Z] [AGENT-IDLE] Agent dropshiping make sue it eans 2000000 mounthly is idle
[2026-09-02T18:21:12.425Z] [AGENT-IDLE] Agent Autonomous Agent is idle
[2026-09-02T18:21:12.425Z] [CYCLE] Operational cycle 15 complete (9:21:12 PM)
[2026-09-02T18:21:22.433Z] [DECISION] Plan carefully, then execute (Context: Resource allocation needs optimization, Risk: medium, Urgency: normal)
[2026-09-02T18:21:22.434Z] [AGENT-OVERLOAD] Agent order fulfillment overloaded with 15208 tasks
[2026-09-02T18:21:22.435Z] [AGENT-OVERLOAD] Agent 11 overloaded with 15208 tasks
[2026-09-02T18:21:22.435Z] [AGENT-OVERLOAD] Agent trading bot overloaded with 15207 tasks
[2026-09-02T18:21:22.436Z] [AGENT-IDLE] Agent dropshiping make sue it eans 2000000 mounthly is idle
[2026-09-02T18:21:22.436Z] [AGENT-IDLE] Agent Autonomous Agent is idle
[2026-09-02T18:21:22.437Z] [CYCLE] Operational cycle 16 complete (9:21:22 PM)
[2026-09-02T18:21:32.446Z] [DECISION] Plan carefully, then execute (Context: System load increasing, Risk: medium, Urgency: normal)
[2026-09-02T18:21:32.448Z] [AGENT-OVERLOAD] Agent order fulfillment overloaded with 15208 tasks
[2026-09-02T18:21:32.450Z] [AGENT-OVERLOAD] Agent 11 overloaded with 15208 tasks
[2026-09-02T18:21:32.455Z] [AGENT-OVERLOAD] Agent trading bot overloaded with 15207 tasks
[2026-09-02T18:21:32.458Z] [AGENT-IDLE] Agent dropshiping make sue it eans 2000000 mounthly is idle
[2026-09-02T18:21:32.459Z] [AGENT-IDLE] Agent Autonomous Agent is idle
[2026-09-02T18:21:32.461Z] [CYCLE] Operational cycle 17 complete (9:21:32 PM)
[2026-09-02T18:21:42.557Z] [METRICS] Cycles: 17, Tasks: 12, Decisions: 186, Uptime: 180s
[2026-09-02T18:21:42.559Z] [OPTIMIZATION] Resource optimization improved to 100.0%
[2026-09-02T18:21:42.562Z] [DECISION] Plan carefully, then execute (Context: System load increasing, Risk: medium, Urgency: normal)
[2026-09-02T18:21:42.614Z] [AGENT-OVERLOAD] Agent order fulfillment overloaded with 15208 tasks
[2026-09-02T18:21:42.617Z] [AGENT-OVERLOAD] Agent 11 overloaded with 15208 tasks
[2026-09-02T18:21:42.642Z] [AGENT-OVERLOAD] Agent trading bot overloaded with 15207 tasks
[2026-09-02T18:21:42.643Z] [AGENT-IDLE] Agent dropshiping make sue it eans 2000000 mounthly is idle
[2026-09-02T18:21:42.645Z] [AGENT-IDLE] Agent Autonomous Agent is idle
[2026-09-02T18:21:42.646Z] [CYCLE] Operational cycle 18 complete (9:21:42 PM)
[2026-09-02T20:22:42.652Z] [DECISION] Plan carefully, then execute (Context: Operational efficiency trending down, Risk: medium, Urgency: normal)
[2026-09-02T20:22:42.653Z] [AGENT-OVERLOAD] Agent order fulfillment overloaded with 15208 tasks
[2026-09-02T20:22:42.732Z] [AGENT-OVERLOAD] Agent 11 overloaded with 15208 tasks
[2026-09-02T20:22:42.734Z] [AGENT-OVERLOAD] Agent trading bot overloaded with 15207 tasks
[2026-09-02T20:22:42.736Z] [AGENT-IDLE] Agent dropshiping make sue it eans 2000000 mounthly is idle
[2026-09-02T20:22:42.741Z] [AGENT-IDLE] Agent Autonomous Agent is idle
[2026-09-02T20:22:42.744Z] [CYCLE] Operational cycle 19 complete (11:22:42 PM)
[2026-09-02T20:22:42.745Z] [OPTIMIZATION] Resource optimization improved to 100.0%
[2026-09-02T20:22:42.818Z] [METRICS] Cycles: 19, Tasks: 12, Decisions: 188, Uptime: 7440s
[2026-09-02T20:22:52.645Z] [DECISION] Plan carefully, then execute (Context: Operational efficiency trending down, Risk: medium, Urgency: normal)
[2026-09-02T20:22:52.646Z] [AGENT-OVERLOAD] Agent order fulfillment overloaded with 15208 tasks
[2026-09-02T20:22:52.646Z] [AGENT-OVERLOAD] Agent 11 overloaded with 15208 tasks
[2026-09-02T20:22:52.647Z] [AGENT-OVERLOAD] Agent trading bot overloaded with 15207 tasks
[2026-09-02T20:22:52.647Z] [AGENT-IDLE] Agent dropshiping make sue it eans 2000000 mounthly is idle
[2026-09-02T20:22:52.648Z] [AGENT-IDLE] Agent Autonomous Agent is idle
[2026-09-02T20:22:52.648Z] [CYCLE] Operational cycle 20 complete (11:22:52 PM)
[2026-09-02T20:23:02.645Z] [DECISION] Plan carefully, then execute (Context: Operational efficiency trending down, Risk: medium, Urgency: normal)
[2026-09-02T20:23:02.646Z] [AGENT-OVERLOAD] Agent order fulfillment overloaded with 15208 tasks
[2026-09-02T20:23:02.647Z] [AGENT-OVERLOAD] Agent 11 overloaded with 15208 tasks
[2026-09-02T20:23:02.647Z] [AGENT-OVERLOAD] Agent trading bot overloaded with 15207 tasks
[2026-09-02T20:23:02.648Z] [AGENT-IDLE] Agent dropshiping make sue it eans 2000000 mounthly is idle
[2026-09-02T20:23:02.648Z] [AGENT-IDLE] Agent Autonomous Agent is idle
[2026-09-02T20:23:02.649Z] [CYCLE] Operational cycle 21 complete (11:23:02 PM)
[2026-09-02T20:55:07.552Z] [DECISION] Plan carefully, then execute (Context: New pattern detected in operations, Risk: medium, Urgency: normal)
[2026-09-02T20:55:07.552Z] [AGENT-OVERLOAD] Agent order fulfillment overloaded with 15208 tasks
[2026-09-02T20:55:07.554Z] [AGENT-OVERLOAD] Agent 11 overloaded with 15208 tasks
[2026-09-02T20:55:07.555Z] [AGENT-OVERLOAD] Agent trading bot overloaded with 15207 tasks
[2026-09-02T20:55:07.555Z] [AGENT-IDLE] Agent dropshiping make sue it eans 2000000 mounthly is idle
[2026-09-02T20:55:07.556Z] [AGENT-IDLE] Agent Autonomous Agent is idle
[2026-09-02T20:55:07.556Z] [CYCLE] Operational cycle 22 complete (11:55:07 PM)
[2026-09-02T20:55:07.557Z] [OPTIMIZATION] Resource optimization improved to 100.0%
[2026-09-02T20:55:07.574Z] [METRICS] Cycles: 22, Tasks: 12, Decisions: 191, Uptime: 9385s
[2026-09-02T20:55:17.553Z] [DECISION] Plan carefully, then execute (Context: New pattern detected in operations, Risk: medium, Urgency: normal)
[2026-09-02T20:55:17.553Z] [AGENT-OVERLOAD] Agent order fulfillment overloaded with 15208 tasks
[2026-09-02T20:55:17.554Z] [AGENT-OVERLOAD] Agent 11 overloaded with 15208 tasks
[2026-09-02T20:55:17.554Z] [AGENT-OVERLOAD] Agent trading bot overloaded with 15207 tasks
[2026-09-02T20:55:17.555Z] [AGENT-IDLE] Agent dropshiping make sue it eans 2000000 mounthly is idle
[2026-09-02T20:55:17.555Z] [AGENT-IDLE] Agent Autonomous Agent is idle
[2026-09-02T20:55:17.556Z] [CYCLE] Operational cycle 23 complete (11:55:17 PM)
[2026-09-02T20:55:27.559Z] [DECISION] Plan carefully, then execute (Context: New pattern detected in operations, Risk: medium, Urgency: normal)
[2026-09-02T20:55:27.560Z] [AGENT-OVERLOAD] Agent order fulfillment overloaded with 15208 tasks
[2026-09-02T20:55:27.562Z] [AGENT-OVERLOAD] Agent 11 overloaded with 15208 tasks
[2026-09-02T20:55:27.564Z] [AGENT-OVERLOAD] Agent trading bot overloaded with 15207 tasks
[2026-09-02T20:55:27.566Z] [AGENT-IDLE] Agent dropshiping make sue it eans 2000000 mounthly is idle
[2026-09-02T20:55:27.567Z] [AGENT-IDLE] Agent Autonomous Agent is idle
[2026-09-02T20:55:27.568Z] [CYCLE] Operational cycle 24 complete (11:55:27 PM)
[2026-09-02T20:55:37.575Z] [DECISION] Plan carefully, then execute (Context: New pattern detected in operations, Risk: medium, Urgency: normal)
[2026-09-02T20:55:37.576Z] [AGENT-OVERLOAD] Agent order fulfillment overloaded with 15208 tasks
[2026-09-02T20:55:37.576Z] [AGENT-OVERLOAD] Agent 11 overloaded with 15208 tasks
[2026-09-02T20:55:37.577Z] [AGENT-OVERLOAD] Agent trading bot overloaded with 15207 tasks
[2026-09-02T20:55:37.577Z] [AGENT-IDLE] Agent dropshiping make sue it eans 2000000 mounthly is idle
[2026-09-02T20:55:37.578Z] [AGENT-IDLE] Agent Autonomous Agent is idle
[2026-09-02T20:55:37.578Z] [CYCLE] Operational cycle 25 complete (11:55:37 PM)
[2026-09-02T20:55:37.579Z] [OPTIMIZATION] Resource optimization improved to 100.0%
[2026-09-02T20:55:47.575Z] [DECISION] Plan carefully, then execute (Context: System load increasing, Risk: medium, Urgency: normal)
[2026-09-02T20:55:47.576Z] [AGENT-OVERLOAD] Agent order fulfillment overloaded with 15208 tasks
[2026-09-02T20:55:47.576Z] [AGENT-OVERLOAD] Agent 11 overloaded with 15208 tasks
[2026-09-02T20:55:47.577Z] [AGENT-OVERLOAD] Agent trading bot overloaded with 15207 tasks
[2026-09-02T20:55:47.577Z] [AGENT-IDLE] Agent dropshiping make sue it eans 2000000 mounthly is idle
[2026-09-02T20:55:47.578Z] [AGENT-IDLE] Agent Autonomous Agent is idle
[2026-09-02T20:55:47.579Z] [CYCLE] Operational cycle 26 complete (11:55:47 PM)
[2026-09-02T20:55:57.591Z] [DECISION] Plan carefully, then execute (Context: Resource allocation needs optimization, Risk: medium, Urgency: normal)
[2026-09-02T20:55:57.592Z] [AGENT-OVERLOAD] Agent order fulfillment overloaded with 15208 tasks
[2026-09-02T20:55:57.593Z] [AGENT-OVERLOAD] Agent 11 overloaded with 15208 tasks
[2026-09-02T20:55:57.593Z] [AGENT-OVERLOAD] Agent trading bot overloaded with 15207 tasks
[2026-09-02T20:55:57.594Z] [AGENT-IDLE] Agent dropshiping make sue it eans 2000000 mounthly is idle
[2026-09-02T20:55:57.595Z] [AGENT-IDLE] Agent Autonomous Agent is idle
[2026-09-02T20:55:57.596Z] [CYCLE] Operational cycle 27 complete (11:55:57 PM)
[2026-09-02T20:56:07.578Z] [METRICS] Cycles: 27, Tasks: 12, Decisions: 196, Uptime: 9445s
[2026-09-02T20:56:07.602Z] [OPTIMIZATION] Resource optimization improved to 100.0%
[2026-09-02T20:56:07.604Z] [DECISION] Plan carefully, then execute (Context: New pattern detected in operations, Risk: medium, Urgency: normal)
[2026-09-02T20:56:07.605Z] [AGENT-OVERLOAD] Agent order fulfillment overloaded with 15208 tasks
[2026-09-02T20:56:07.607Z] [AGENT-OVERLOAD] Agent 11 overloaded with 15208 tasks
[2026-09-02T20:56:07.608Z] [AGENT-OVERLOAD] Agent trading bot overloaded with 15207 tasks
[2026-09-02T20:56:07.608Z] [AGENT-IDLE] Agent dropshiping make sue it eans 2000000 mounthly is idle
[2026-09-02T20:56:07.610Z] [AGENT-IDLE] Agent Autonomous Agent is idle
[2026-09-02T20:56:07.611Z] [CYCLE] Operational cycle 28 complete (11:56:07 PM)
[2026-09-02T20:56:17.620Z] [DECISION] Plan carefully, then execute (Context: New pattern detected in operations, Risk: medium, Urgency: normal)
[2026-09-02T20:56:17.621Z] [AGENT-OVERLOAD] Agent order fulfillment overloaded with 15208 tasks
[2026-09-02T20:56:17.621Z] [AGENT-OVERLOAD] Agent 11 overloaded with 15208 tasks
[2026-09-02T20:56:17.622Z] [AGENT-OVERLOAD] Agent trading bot overloaded with 15207 tasks
[2026-09-02T20:56:17.622Z] [AGENT-IDLE] Agent dropshiping make sue it eans 2000000 mounthly is idle
[2026-09-02T20:56:17.623Z] [AGENT-IDLE] Agent Autonomous Agent is idle
[2026-09-02T20:56:17.624Z] [CYCLE] Operational cycle 29 complete (11:56:17 PM)
[2026-09-02T20:56:27.629Z] [DECISION] Plan carefully, then execute (Context: Operational efficiency trending down, Risk: medium, Urgency: normal)
[2026-09-02T20:56:27.630Z] [AGENT-OVERLOAD] Agent order fulfillment overloaded with 15208 tasks
[2026-09-02T20:56:27.630Z] [AGENT-OVERLOAD] Agent 11 overloaded with 15208 tasks
[2026-09-02T20:56:27.631Z] [AGENT-OVERLOAD] Agent trading bot overloaded with 15207 tasks
[2026-09-02T20:56:27.632Z] [AGENT-IDLE] Agent dropshiping make sue it eans 2000000 mounthly is idle
[2026-09-02T20:56:27.633Z] [AGENT-IDLE] Agent Autonomous Agent is idle
[2026-09-02T20:56:27.634Z] [CYCLE] Operational cycle 30 complete (11:56:27 PM)
[2026-09-02T20:56:37.608Z] [OPTIMIZATION] Resource optimization improved to 100.0%
[2026-09-02T20:56:37.635Z] [DECISION] Plan carefully, then execute (Context: System load increasing, Risk: medium, Urgency: normal)
[2026-09-02T20:56:37.635Z] [AGENT-OVERLOAD] Agent order fulfillment overloaded with 15208 tasks
[2026-09-02T20:56:37.636Z] [AGENT-OVERLOAD] Agent 11 overloaded with 15208 tasks
[2026-09-02T20:56:37.636Z] [AGENT-OVERLOAD] Agent trading bot overloaded with 15207 tasks
[2026-09-02T20:56:37.637Z] [AGENT-IDLE] Agent dropshiping make sue it eans 2000000 mounthly is idle
[2026-09-02T20:56:37.638Z] [AGENT-IDLE] Agent Autonomous Agent is idle
[2026-09-02T20:56:37.638Z] [CYCLE] Operational cycle 31 complete (11:56:37 PM)
[2026-09-02T20:56:47.644Z] [DECISION] Plan carefully, then execute (Context: New pattern detected in operations, Risk: medium, Urgency: normal)
[2026-09-02T20:56:47.646Z] [AGENT-OVERLOAD] Agent order fulfillment overloaded with 15208 tasks
[2026-09-02T20:56:47.648Z] [AGENT-OVERLOAD] Agent 11 overloaded with 15208 tasks
[2026-09-02T20:56:47.649Z] [AGENT-OVERLOAD] Agent trading bot overloaded with 15207 tasks
[2026-09-02T20:56:47.650Z] [AGENT-IDLE] Agent dropshiping make sue it eans 2000000 mounthly is idle
[2026-09-02T20:56:47.651Z] [AGENT-IDLE] Agent Autonomous Agent is idle
[2026-09-02T20:56:47.652Z] [CYCLE] Operational cycle 32 complete (11:56:47 PM)
[2026-09-02T20:56:57.648Z] [DECISION] Plan carefully, then execute (Context: System load increasing, Risk: medium, Urgency: normal)
[2026-09-02T20:56:57.650Z] [AGENT-OVERLOAD] Agent order fulfillment overloaded with 15208 tasks
[2026-09-02T20:56:57.655Z] [AGENT-OVERLOAD] Agent 11 overloaded with 15208 tasks
[2026-09-02T20:56:57.657Z] [AGENT-OVERLOAD] Agent trading bot overloaded with 15207 tasks
[2026-09-02T20:56:57.664Z] [AGENT-IDLE] Agent dropshiping make sue it eans 2000000 mounthly is idle
[2026-09-02T20:56:57.670Z] [AGENT-IDLE] Agent Autonomous Agent is idle
[2026-09-02T20:56:57.675Z] [CYCLE] Operational cycle 33 complete (11:56:57 PM)
[2026-09-02T20:57:07.665Z] [METRICS] Cycles: 33, Tasks: 12, Decisions: 202, Uptime: 9505s
[2026-09-02T20:57:07.667Z] [OPTIMIZATION] Resource optimization improved to 100.0%
[2026-09-02T20:57:07.671Z] [DECISION] Plan carefully, then execute (Context: Operational efficiency trending down, Risk: medium, Urgency: normal)
[2026-09-02T20:57:07.671Z] [AGENT-OVERLOAD] Agent order fulfillment overloaded with 15208 tasks
[2026-09-02T20:57:07.672Z] [AGENT-OVERLOAD] Agent 11 overloaded with 15208 tasks
[2026-09-02T20:57:07.672Z] [AGENT-OVERLOAD] Agent trading bot overloaded with 15207 tasks
[2026-09-02T20:57:07.673Z] [AGENT-IDLE] Agent dropshiping make sue it eans 2000000 mounthly is idle
[2026-09-02T20:57:07.673Z] [AGENT-IDLE] Agent Autonomous Agent is idle
[2026-09-02T20:57:07.674Z] [CYCLE] Operational cycle 34 complete (11:57:07 PM)
[2026-09-02T20:57:17.680Z] [DECISION] Plan carefully, then execute (Context: Operational efficiency trending down, Risk: medium, Urgency: normal)
[2026-09-02T20:57:17.680Z] [AGENT-OVERLOAD] Agent order fulfillment overloaded with 15208 tasks
[2026-09-02T20:57:17.681Z] [AGENT-OVERLOAD] Agent 11 overloaded with 15208 tasks
[2026-09-02T20:57:17.682Z] [AGENT-OVERLOAD] Agent trading bot overloaded with 15207 tasks
[2026-09-02T20:57:17.682Z] [AGENT-IDLE] Agent dropshiping make sue it eans 2000000 mounthly is idle
[2026-09-02T20:57:17.683Z] [AGENT-IDLE] Agent Autonomous Agent is idle
[2026-09-02T20:57:17.684Z] [CYCLE] Operational cycle 35 complete (11:57:17 PM)
[2026-09-02T20:57:27.684Z] [DECISION] Plan carefully, then execute (Context: System load increasing, Risk: medium, Urgency: normal)
[2026-09-02T20:57:27.685Z] [AGENT-OVERLOAD] Agent order fulfillment overloaded with 15208 tasks
[2026-09-02T20:57:27.685Z] [AGENT-OVERLOAD] Agent 11 overloaded with 15208 tasks
[2026-09-02T20:57:27.686Z] [AGENT-OVERLOAD] Agent trading bot overloaded with 15207 tasks
[2026-09-02T20:57:27.686Z] [AGENT-IDLE] Agent dropshiping make sue it eans 2000000 mounthly is idle
[2026-09-02T20:57:27.687Z] [AGENT-IDLE] Agent Autonomous Agent is idle
[2026-09-02T20:57:27.687Z] [CYCLE] Operational cycle 36 complete (11:57:27 PM)
[2026-09-02T20:57:37.682Z] [OPTIMIZATION] Resource optimization improved to 100.0%
[2026-09-02T20:57:37.710Z] [DECISION] Plan carefully, then execute (Context: Operational efficiency trending down, Risk: medium, Urgency: normal)
[2026-09-02T20:57:37.711Z] [AGENT-OVERLOAD] Agent order fulfillment overloaded with 15208 tasks
[2026-09-02T20:57:37.712Z] [AGENT-OVERLOAD] Agent 11 overloaded with 15208 tasks
[2026-09-02T20:57:37.713Z] [AGENT-OVERLOAD] Agent trading bot overloaded with 15207 tasks
[2026-09-02T20:57:37.714Z] [AGENT-IDLE] Agent dropshiping make sue it eans 2000000 mounthly is idle
[2026-09-02T20:57:37.714Z] [AGENT-IDLE] Agent Autonomous Agent is idle
[2026-09-02T20:57:37.715Z] [CYCLE] Operational cycle 37 complete (11:57:37 PM)
[2026-09-02T20:57:47.718Z] [DECISION] Plan carefully, then execute (Context: Resource allocation needs optimization, Risk: medium, Urgency: normal)
[2026-09-02T20:57:47.719Z] [AGENT-OVERLOAD] Agent order fulfillment overloaded with 15208 tasks
[2026-09-02T20:57:47.719Z] [AGENT-OVERLOAD] Agent 11 overloaded with 15208 tasks
[2026-09-02T20:57:47.720Z] [AGENT-OVERLOAD] Agent trading bot overloaded with 15207 tasks
[2026-09-02T20:57:47.720Z] [AGENT-IDLE] Agent dropshiping make sue it eans 2000000 mounthly is idle
[2026-09-02T20:57:47.721Z] [AGENT-IDLE] Agent Autonomous Agent is idle
[2026-09-02T20:57:47.722Z] [CYCLE] Operational cycle 38 complete (11:57:47 PM)
[2026-09-02T20:57:57.729Z] [DECISION] Plan carefully, then execute (Context: Operational efficiency trending down, Risk: medium, Urgency: normal)
[2026-09-02T20:57:57.731Z] [AGENT-OVERLOAD] Agent order fulfillment overloaded with 15208 tasks
[2026-09-02T20:57:57.733Z] [AGENT-OVERLOAD] Agent 11 overloaded with 15208 tasks
[2026-09-02T20:57:57.735Z] [AGENT-OVERLOAD] Agent trading bot overloaded with 15207 tasks
[2026-09-02T20:57:57.738Z] [AGENT-IDLE] Agent dropshiping make sue it eans 2000000 mounthly is idle
[2026-09-02T20:57:57.740Z] [AGENT-IDLE] Agent Autonomous Agent is idle
[2026-09-02T20:57:57.741Z] [CYCLE] Operational cycle 39 complete (11:57:57 PM)
[2026-09-02T20:58:07.624Z] [METRICS] Cycles: 39, Tasks: 12, Decisions: 208, Uptime: 9565s
[2026-09-02T20:58:07.682Z] [OPTIMIZATION] Resource optimization improved to 100.0%
[2026-09-02T20:58:07.733Z] [DECISION] Plan carefully, then execute (Context: Operational efficiency trending down, Risk: medium, Urgency: normal)
[2026-09-02T20:58:07.734Z] [AGENT-OVERLOAD] Agent order fulfillment overloaded with 15208 tasks
[2026-09-02T20:58:07.735Z] [AGENT-OVERLOAD] Agent 11 overloaded with 15208 tasks
[2026-09-02T20:58:07.735Z] [AGENT-OVERLOAD] Agent trading bot overloaded with 15207 tasks
[2026-09-02T20:58:07.736Z] [AGENT-IDLE] Agent dropshiping make sue it eans 2000000 mounthly is idle
[2026-09-02T20:58:07.737Z] [AGENT-IDLE] Agent Autonomous Agent is idle
[2026-09-02T20:58:07.737Z] [CYCLE] Operational cycle 40 complete (11:58:07 PM)
[2026-09-02T20:58:17.750Z] [DECISION] Plan carefully, then execute (Context: Operational efficiency trending down, Risk: medium, Urgency: normal)
[2026-09-02T20:58:17.752Z] [AGENT-OVERLOAD] Agent order fulfillment overloaded with 15208 tasks
[2026-09-02T20:58:17.755Z] [AGENT-OVERLOAD] Agent 11 overloaded with 15208 tasks
[2026-09-02T20:58:17.757Z] [AGENT-OVERLOAD] Agent trading bot overloaded with 15207 tasks
[2026-09-02T20:58:17.759Z] [AGENT-IDLE] Agent dropshiping make sue it eans 2000000 mounthly is idle
[2026-09-02T20:58:17.760Z] [AGENT-IDLE] Agent Autonomous Agent is idle
[2026-09-02T20:58:17.761Z] [CYCLE] Operational cycle 41 complete (11:58:17 PM)
[2026-09-02T20:58:27.754Z] [DECISION] Plan carefully, then execute (Context: System load increasing, Risk: medium, Urgency: normal)
[2026-09-02T20:58:27.756Z] [AGENT-OVERLOAD] Agent order fulfillment overloaded with 15208 tasks
[2026-09-02T20:58:27.758Z] [AGENT-OVERLOAD] Agent 11 overloaded with 15208 tasks
[2026-09-02T20:58:27.761Z] [AGENT-OVERLOAD] Agent trading bot overloaded with 15207 tasks
[2026-09-02T20:58:27.763Z] [AGENT-IDLE] Agent dropshiping make sue it eans 2000000 mounthly is idle
[2026-09-02T20:58:27.766Z] [AGENT-IDLE] Agent Autonomous Agent is idle
[2026-09-02T20:58:27.768Z] [CYCLE] Operational cycle 42 complete (11:58:27 PM)
[2026-09-02T20:58:37.693Z] [OPTIMIZATION] Resource optimization improved to 100.0%
[2026-09-02T20:58:37.762Z] [DECISION] Plan carefully, then execute (Context: System load increasing, Risk: medium, Urgency: normal)
[2026-09-02T20:58:37.765Z] [AGENT-OVERLOAD] Agent order fulfillment overloaded with 15208 tasks
[2026-09-02T20:58:37.767Z] [AGENT-OVERLOAD] Agent 11 overloaded with 15208 tasks
[2026-09-02T20:58:37.768Z] [AGENT-OVERLOAD] Agent trading bot overloaded with 15207 tasks
[2026-09-02T20:58:37.768Z] [AGENT-IDLE] Agent dropshiping make sue it eans 2000000 mounthly is idle
[2026-09-02T20:58:37.769Z] [AGENT-IDLE] Agent Autonomous Agent is idle
[2026-09-02T20:58:37.770Z] [CYCLE] Operational cycle 43 complete (11:58:37 PM)
[2026-09-02T20:58:47.767Z] [DECISION] Plan carefully, then execute (Context: System load increasing, Risk: medium, Urgency: normal)
[2026-09-02T20:58:47.768Z] [AGENT-OVERLOAD] Agent order fulfillment overloaded with 15208 tasks
[2026-09-02T20:58:47.769Z] [AGENT-OVERLOAD] Agent 11 overloaded with 15208 tasks
[2026-09-02T20:58:47.773Z] [AGENT-OVERLOAD] Agent trading bot overloaded with 15207 tasks
[2026-09-02T20:58:47.774Z] [AGENT-IDLE] Agent dropshiping make sue it eans 2000000 mounthly is idle
[2026-09-02T20:58:47.793Z] [AGENT-IDLE] Agent Autonomous Agent is idle
[2026-09-02T20:58:47.798Z] [CYCLE] Operational cycle 44 complete (11:58:47 PM)
[2026-09-02T20:58:57.773Z] [DECISION] Plan carefully, then execute (Context: System load increasing, Risk: medium, Urgency: normal)
[2026-09-02T20:58:57.774Z] [AGENT-OVERLOAD] Agent order fulfillment overloaded with 15208 tasks
[2026-09-02T20:58:57.775Z] [AGENT-OVERLOAD] Agent 11 overloaded with 15208 tasks
[2026-09-02T20:58:57.777Z] [AGENT-OVERLOAD] Agent trading bot overloaded with 15207 tasks
[2026-09-02T20:58:57.778Z] [AGENT-IDLE] Agent dropshiping make sue it eans 2000000 mounthly is idle
[2026-09-02T20:58:57.778Z] [AGENT-IDLE] Agent Autonomous Agent is idle
[2026-09-02T20:58:57.780Z] [CYCLE] Operational cycle 45 complete (11:58:57 PM)
[2026-09-02T20:59:07.635Z] [METRICS] Cycles: 45, Tasks: 12, Decisions: 214, Uptime: 9625s
[2026-09-02T20:59:07.696Z] [OPTIMIZATION] Resource optimization improved to 100.0%
[2026-09-02T20:59:07.785Z] [DECISION] Plan carefully, then execute (Context: New pattern detected in operations, Risk: medium, Urgency: normal)
[2026-09-02T20:59:07.787Z] [AGENT-OVERLOAD] Agent order fulfillment overloaded with 15208 tasks
[2026-09-02T20:59:07.788Z] [AGENT-OVERLOAD] Agent 11 overloaded with 15208 tasks
[2026-09-02T20:59:07.789Z] [AGENT-OVERLOAD] Agent trading bot overloaded with 15207 tasks
[2026-09-02T20:59:07.791Z] [AGENT-IDLE] Agent dropshiping make sue it eans 2000000 mounthly is idle
[2026-09-02T20:59:07.793Z] [AGENT-IDLE] Agent Autonomous Agent is idle
[2026-09-02T20:59:07.794Z] [CYCLE] Operational cycle 46 complete (11:59:07 PM)
[2026-09-02T20:59:17.797Z] [DECISION] Plan carefully, then execute (Context: System load increasing, Risk: medium, Urgency: normal)
[2026-09-02T20:59:17.798Z] [AGENT-OVERLOAD] Agent order fulfillment overloaded with 15208 tasks
[2026-09-02T20:59:17.799Z] [AGENT-OVERLOAD] Agent 11 overloaded with 15208 tasks
[2026-09-02T20:59:17.800Z] [AGENT-OVERLOAD] Agent trading bot overloaded with 15207 tasks
[2026-09-02T20:59:17.800Z] [AGENT-IDLE] Agent dropshiping make sue it eans 2000000 mounthly is idle
[2026-09-02T20:59:17.801Z] [AGENT-IDLE] Agent Autonomous Agent is idle
[2026-09-02T20:59:17.802Z] [CYCLE] Operational cycle 47 complete (11:59:17 PM)
[2026-09-02T20:59:27.808Z] [DECISION] Plan carefully, then execute (Context: System load increasing, Risk: medium, Urgency: normal)
[2026-09-02T20:59:27.810Z] [AGENT-OVERLOAD] Agent order fulfillment overloaded with 15208 tasks
[2026-09-02T20:59:27.813Z] [AGENT-OVERLOAD] Agent 11 overloaded with 15208 tasks
[2026-09-02T20:59:27.814Z] [AGENT-OVERLOAD] Agent trading bot overloaded with 15207 tasks
[2026-09-02T20:59:27.816Z] [AGENT-IDLE] Agent dropshiping make sue it eans 2000000 mounthly is idle
[2026-09-02T20:59:27.817Z] [AGENT-IDLE] Agent Autonomous Agent is idle
[2026-09-02T20:59:27.818Z] [CYCLE] Operational cycle 48 complete (11:59:27 PM)
[2026-09-02T20:59:37.711Z] [OPTIMIZATION] Resource optimization improved to 100.0%
[2026-09-02T20:59:37.808Z] [DECISION] Plan carefully, then execute (Context: System load increasing, Risk: medium, Urgency: normal)
[2026-09-02T20:59:37.810Z] [AGENT-OVERLOAD] Agent order fulfillment overloaded with 15208 tasks
[2026-09-02T20:59:37.811Z] [AGENT-OVERLOAD] Agent 11 overloaded with 15208 tasks
[2026-09-02T20:59:37.816Z] [AGENT-OVERLOAD] Agent trading bot overloaded with 15207 tasks
[2026-09-02T20:59:37.818Z] [AGENT-IDLE] Agent dropshiping make sue it eans 2000000 mounthly is idle
[2026-09-02T20:59:37.820Z] [AGENT-IDLE] Agent Autonomous Agent is idle
[2026-09-02T20:59:37.822Z] [CYCLE] Operational cycle 49 complete (11:59:37 PM)
[2026-09-02T20:59:47.813Z] [DECISION] Plan carefully, then execute (Context: Operational efficiency trending down, Risk: medium, Urgency: normal)
[2026-09-02T20:59:47.814Z] [AGENT-OVERLOAD] Agent order fulfillment overloaded with 15208 tasks
[2026-09-02T20:59:47.814Z] [AGENT-OVERLOAD] Agent 11 overloaded with 15208 tasks
[2026-09-02T20:59:47.815Z] [AGENT-OVERLOAD] Agent trading bot overloaded with 15207 tasks
[2026-09-02T20:59:47.816Z] [AGENT-IDLE] Agent dropshiping make sue it eans 2000000 mounthly is idle
[2026-09-02T20:59:47.816Z] [AGENT-IDLE] Agent Autonomous Agent is idle
[2026-09-02T20:59:47.817Z] [CYCLE] Operational cycle 50 complete (11:59:47 PM)
[2026-09-02T20:59:57.816Z] [DECISION] Plan carefully, then execute (Context: Operational efficiency trending down, Risk: medium, Urgency: normal)
[2026-09-02T20:59:57.819Z] [AGENT-OVERLOAD] Agent order fulfillment overloaded with 15208 tasks
[2026-09-02T20:59:57.821Z] [AGENT-OVERLOAD] Agent 11 overloaded with 15208 tasks
[2026-09-02T20:59:57.823Z] [AGENT-OVERLOAD] Agent trading bot overloaded with 15207 tasks
[2026-09-02T20:59:57.831Z] [AGENT-IDLE] Agent dropshiping make sue it eans 2000000 mounthly is idle
[2026-09-02T20:59:57.834Z] [AGENT-IDLE] Agent Autonomous Agent is idle
[2026-09-02T20:59:57.836Z] [CYCLE] Operational cycle 51 complete (11:59:57 PM)
[2026-09-02T21:00:07.647Z] [METRICS] Cycles: 51, Tasks: 12, Decisions: 220, Uptime: 9685s
[2026-09-02T21:00:07.726Z] [OPTIMIZATION] Resource optimization improved to 100.0%
[2026-09-02T21:00:07.820Z] [DECISION] Plan carefully, then execute (Context: Operational efficiency trending down, Risk: medium, Urgency: normal)
[2026-09-02T21:00:07.821Z] [AGENT-OVERLOAD] Agent order fulfillment overloaded with 15208 tasks
[2026-09-02T21:00:07.821Z] [AGENT-OVERLOAD] Agent 11 overloaded with 15208 tasks
[2026-09-02T21:00:07.822Z] [AGENT-OVERLOAD] Agent trading bot overloaded with 15207 tasks
[2026-09-02T21:00:07.822Z] [AGENT-IDLE] Agent dropshiping make sue it eans 2000000 mounthly is idle
[2026-09-02T21:00:07.823Z] [AGENT-IDLE] Agent Autonomous Agent is idle
[2026-09-02T21:00:07.823Z] [CYCLE] Operational cycle 52 complete (12:00:07 AM)
[2026-09-02T21:00:17.822Z] [DECISION] Plan carefully, then execute (Context: Operational efficiency trending down, Risk: medium, Urgency: normal)
[2026-09-02T21:00:17.823Z] [AGENT-OVERLOAD] Agent order fulfillment overloaded with 15208 tasks
[2026-09-02T21:00:17.824Z] [AGENT-OVERLOAD] Agent 11 overloaded with 15208 tasks
[2026-09-02T21:00:17.824Z] [AGENT-OVERLOAD] Agent trading bot overloaded with 15207 tasks
[2026-09-02T21:00:17.825Z] [AGENT-IDLE] Agent dropshiping make sue it eans 2000000 mounthly is idle
[2026-09-02T21:00:17.826Z] [AGENT-IDLE] Agent Autonomous Agent is idle
[2026-09-02T21:00:17.827Z] [CYCLE] Operational cycle 53 complete (12:00:17 AM)
[2026-09-02T21:00:27.839Z] [DECISION] Plan carefully, then execute (Context: Operational efficiency trending down, Risk: medium, Urgency: normal)
[2026-09-02T21:00:27.841Z] [AGENT-OVERLOAD] Agent order fulfillment overloaded with 15208 tasks
[2026-09-02T21:00:27.842Z] [AGENT-OVERLOAD] Agent 11 overloaded with 15208 tasks
[2026-09-02T21:00:27.842Z] [AGENT-OVERLOAD] Agent trading bot overloaded with 15207 tasks
[2026-09-02T21:00:27.843Z] [AGENT-IDLE] Agent dropshiping make sue it eans 2000000 mounthly is idle
[2026-09-02T21:00:27.844Z] [AGENT-IDLE] Agent Autonomous Agent is idle
[2026-09-02T21:00:27.845Z] [CYCLE] Operational cycle 54 complete (12:00:27 AM)
[2026-09-02T21:00:37.740Z] [OPTIMIZATION] Resource optimization improved to 100.0%
[2026-09-02T21:00:37.840Z] [DECISION] Plan carefully, then execute (Context: Resource allocation needs optimization, Risk: medium, Urgency: normal)
[2026-09-02T21:00:37.843Z] [AGENT-OVERLOAD] Agent order fulfillment overloaded with 15208 tasks
[2026-09-02T21:00:37.846Z] [AGENT-OVERLOAD] Agent 11 overloaded with 15208 tasks
[2026-09-02T21:00:37.847Z] [AGENT-OVERLOAD] Agent trading bot overloaded with 15207 tasks
[2026-09-02T21:00:37.848Z] [AGENT-IDLE] Agent dropshiping make sue it eans 2000000 mounthly is idle
[2026-09-02T21:00:37.849Z] [AGENT-IDLE] Agent Autonomous Agent is idle
[2026-09-02T21:00:37.850Z] [CYCLE] Operational cycle 55 complete (12:00:37 AM)
[2026-09-02T21:00:47.849Z] [DECISION] Plan carefully, then execute (Context: Resource allocation needs optimization, Risk: medium, Urgency: normal)
[2026-09-02T21:00:47.851Z] [AGENT-OVERLOAD] Agent order fulfillment overloaded with 15208 tasks
[2026-09-02T21:00:47.853Z] [AGENT-OVERLOAD] Agent 11 overloaded with 15208 tasks
[2026-09-02T21:00:47.855Z] [AGENT-OVERLOAD] Agent trading bot overloaded with 15207 tasks
[2026-09-02T21:00:47.857Z] [AGENT-IDLE] Agent dropshiping make sue it eans 2000000 mounthly is idle
[2026-09-02T21:00:47.858Z] [AGENT-IDLE] Agent Autonomous Agent is idle
[2026-09-02T21:00:47.860Z] [CYCLE] Operational cycle 56 complete (12:00:47 AM)
[2026-09-02T21:00:57.857Z] [DECISION] Plan carefully, then execute (Context: Operational efficiency trending down, Risk: medium, Urgency: normal)
[2026-09-02T21:00:57.858Z] [AGENT-OVERLOAD] Agent order fulfillment overloaded with 15208 tasks
[2026-09-02T21:00:57.859Z] [AGENT-OVERLOAD] Agent 11 overloaded with 15208 tasks
[2026-09-02T21:00:57.859Z] [AGENT-OVERLOAD] Agent trading bot overloaded with 15207 tasks
[2026-09-02T21:00:57.860Z] [AGENT-IDLE] Agent dropshiping make sue it eans 2000000 mounthly is idle
[2026-09-02T21:00:57.860Z] [AGENT-IDLE] Agent Autonomous Agent is idle
[2026-09-02T21:00:57.861Z] [CYCLE] Operational cycle 57 complete (12:00:57 AM)
[2026-09-02T21:01:07.656Z] [METRICS] Cycles: 57, Tasks: 12, Decisions: 226, Uptime: 9745s
[2026-09-02T21:01:07.745Z] [OPTIMIZATION] Resource optimization improved to 100.0%
[2026-09-02T21:01:07.864Z] [DECISION] Plan carefully, then execute (Context: System load increasing, Risk: medium, Urgency: normal)
[2026-09-02T21:01:07.866Z] [AGENT-OVERLOAD] Agent order fulfillment overloaded with 15208 tasks
[2026-09-02T21:01:07.868Z] [AGENT-OVERLOAD] Agent 11 overloaded with 15208 tasks
[2026-09-02T21:01:07.870Z] [AGENT-OVERLOAD] Agent trading bot overloaded with 15207 tasks
[2026-09-02T21:01:07.872Z] [AGENT-IDLE] Agent dropshiping make sue it eans 2000000 mounthly is idle
[2026-09-02T21:01:07.873Z] [AGENT-IDLE] Agent Autonomous Agent is idle
[2026-09-02T21:01:07.875Z] [CYCLE] Operational cycle 58 complete (12:01:07 AM)
[2026-09-02T21:01:17.872Z] [DECISION] Plan carefully, then execute (Context: Operational efficiency trending down, Risk: medium, Urgency: normal)
[2026-09-02T21:01:17.873Z] [AGENT-OVERLOAD] Agent order fulfillment overloaded with 15208 tasks
[2026-09-02T21:01:17.874Z] [AGENT-OVERLOAD] Agent 11 overloaded with 15208 tasks
[2026-09-02T21:01:17.875Z] [AGENT-OVERLOAD] Agent trading bot overloaded with 15207 tasks
[2026-09-02T21:01:17.876Z] [AGENT-IDLE] Agent dropshiping make sue it eans 2000000 mounthly is idle
[2026-09-02T21:01:17.877Z] [AGENT-IDLE] Agent Autonomous Agent is idle
[2026-09-02T21:01:17.877Z] [CYCLE] Operational cycle 59 complete (12:01:17 AM)
[2026-09-02T21:01:27.886Z] [DECISION] Plan carefully, then execute (Context: Resource allocation needs optimization, Risk: medium, Urgency: normal)
[2026-09-02T21:01:27.889Z] [AGENT-OVERLOAD] Agent order fulfillment overloaded with 15208 tasks
[2026-09-02T21:01:27.892Z] [AGENT-OVERLOAD] Agent 11 overloaded with 15208 tasks
[2026-09-02T21:01:27.894Z] [AGENT-OVERLOAD] Agent trading bot overloaded with 15207 tasks
[2026-09-02T21:01:27.896Z] [AGENT-IDLE] Agent dropshiping make sue it eans 2000000 mounthly is idle
[2026-09-02T21:01:27.898Z] [AGENT-IDLE] Agent Autonomous Agent is idle
[2026-09-02T21:01:27.899Z] [CYCLE] Operational cycle 60 complete (12:01:27 AM)
[2026-09-02T21:01:32.586Z] [LEARNING] Auto-adapted to performance drop
[2026-09-02T21:01:37.599Z] [LEARNING] Auto-adapted to performance drop
[2026-09-02T21:01:37.751Z] [OPTIMIZATION] Resource optimization improved to 100.0%
[2026-09-02T21:01:37.898Z] [DECISION] Plan carefully, then execute (Context: System load increasing, Risk: medium, Urgency: normal)
[2026-09-02T21:01:37.898Z] [AGENT-OVERLOAD] Agent order fulfillment overloaded with 15208 tasks
[2026-09-02T21:01:37.899Z] [AGENT-OVERLOAD] Agent 11 overloaded with 15208 tasks
[2026-09-02T21:01:37.899Z] [AGENT-OVERLOAD] Agent trading bot overloaded with 15207 tasks
[2026-09-02T21:01:37.900Z] [AGENT-IDLE] Agent dropshiping make sue it eans 2000000 mounthly is idle
[2026-09-02T21:01:37.900Z] [AGENT-IDLE] Agent Autonomous Agent is idle
[2026-09-02T21:01:37.901Z] [CYCLE] Operational cycle 61 complete (12:01:37 AM)
[2026-09-02T21:01:47.907Z] [DECISION] Plan carefully, then execute (Context: System load increasing, Risk: medium, Urgency: normal)
[2026-09-02T21:01:47.910Z] [AGENT-OVERLOAD] Agent order fulfillment overloaded with 15208 tasks
[2026-09-02T21:01:47.912Z] [AGENT-OVERLOAD] Agent 11 overloaded with 15208 tasks
[2026-09-02T21:01:47.912Z] [AGENT-OVERLOAD] Agent trading bot overloaded with 15207 tasks
[2026-09-02T21:01:47.913Z] [AGENT-IDLE] Agent dropshiping make sue it eans 2000000 mounthly is idle
[2026-09-02T21:01:47.913Z] [AGENT-IDLE] Agent Autonomous Agent is idle
[2026-09-02T21:01:47.914Z] [CYCLE] Operational cycle 62 complete (12:01:47 AM)
[2026-09-02T21:01:57.912Z] [DECISION] Plan carefully, then execute (Context: Resource allocation needs optimization, Risk: medium, Urgency: normal)
[2026-09-02T21:01:57.913Z] [AGENT-OVERLOAD] Agent order fulfillment overloaded with 15208 tasks
[2026-09-02T21:01:57.913Z] [AGENT-OVERLOAD] Agent 11 overloaded with 15208 tasks
[2026-09-02T21:01:57.914Z] [AGENT-OVERLOAD] Agent trading bot overloaded with 15207 tasks
[2026-09-02T21:01:57.915Z] [AGENT-IDLE] Agent dropshiping make sue it eans 2000000 mounthly is idle
[2026-09-02T21:01:57.916Z] [AGENT-IDLE] Agent Autonomous Agent is idle
[2026-09-02T21:01:57.917Z] [CYCLE] Operational cycle 63 complete (12:01:57 AM)
[2026-09-02T21:02:07.660Z] [METRICS] Cycles: 63, Tasks: 12, Decisions: 232, Uptime: 9805s
[2026-09-02T21:02:07.754Z] [OPTIMIZATION] Resource optimization improved to 100.0%
[2026-09-02T21:02:07.922Z] [DECISION] Plan carefully, then execute (Context: Operational efficiency trending down, Risk: medium, Urgency: normal)
[2026-09-02T21:02:07.924Z] [AGENT-OVERLOAD] Agent order fulfillment overloaded with 15208 tasks
[2026-09-02T21:02:07.926Z] [AGENT-OVERLOAD] Agent 11 overloaded with 15208 tasks
[2026-09-02T21:02:07.928Z] [AGENT-OVERLOAD] Agent trading bot overloaded with 15207 tasks
[2026-09-02T21:02:07.930Z] [AGENT-IDLE] Agent dropshiping make sue it eans 2000000 mounthly is idle
[2026-09-02T21:02:07.931Z] [AGENT-IDLE] Agent Autonomous Agent is idle
[2026-09-02T21:02:07.934Z] [CYCLE] Operational cycle 64 complete (12:02:07 AM)
[2026-09-02T21:02:17.936Z] [DECISION] Plan carefully, then execute (Context: Operational efficiency trending down, Risk: medium, Urgency: normal)
[2026-09-02T21:02:17.939Z] [AGENT-OVERLOAD] Agent order fulfillment overloaded with 15208 tasks
[2026-09-02T21:02:17.941Z] [AGENT-OVERLOAD] Agent 11 overloaded with 15208 tasks
[2026-09-02T21:02:17.943Z] [AGENT-OVERLOAD] Agent trading bot overloaded with 15207 tasks
[2026-09-02T21:02:17.946Z] [AGENT-IDLE] Agent dropshiping make sue it eans 2000000 mounthly is idle
[2026-09-02T21:02:17.947Z] [AGENT-IDLE] Agent Autonomous Agent is idle
[2026-09-02T21:02:17.948Z] [CYCLE] Operational cycle 65 complete (12:02:17 AM)
[2026-09-02T21:02:27.940Z] [DECISION] Plan carefully, then execute (Context: Operational efficiency trending down, Risk: medium, Urgency: normal)
[2026-09-02T21:02:27.941Z] [AGENT-OVERLOAD] Agent order fulfillment overloaded with 15208 tasks
[2026-09-02T21:02:27.943Z] [AGENT-OVERLOAD] Agent 11 overloaded with 15208 tasks
[2026-09-02T21:02:27.944Z] [AGENT-OVERLOAD] Agent trading bot overloaded with 15207 tasks
[2026-09-02T21:02:27.944Z] [AGENT-IDLE] Agent dropshiping make sue it eans 2000000 mounthly is idle
[2026-09-02T21:02:27.945Z] [AGENT-IDLE] Agent Autonomous Agent is idle
[2026-09-02T21:02:27.946Z] [CYCLE] Operational cycle 66 complete (12:02:27 AM)
[2026-09-02T21:02:37.759Z] [OPTIMIZATION] Resource optimization improved to 100.0%
[2026-09-02T21:02:37.952Z] [DECISION] Plan carefully, then execute (Context: New pattern detected in operations, Risk: medium, Urgency: normal)
[2026-09-02T21:02:37.956Z] [AGENT-OVERLOAD] Agent order fulfillment overloaded with 15208 tasks
[2026-09-02T21:02:37.958Z] [AGENT-OVERLOAD] Agent 11 overloaded with 15208 tasks
[2026-09-02T21:02:37.960Z] [AGENT-OVERLOAD] Agent trading bot overloaded with 15207 tasks
[2026-09-02T21:02:37.962Z] [AGENT-IDLE] Agent dropshiping make sue it eans 2000000 mounthly is idle
[2026-09-02T21:02:37.964Z] [AGENT-IDLE] Agent Autonomous Agent is idle
[2026-09-02T21:02:37.966Z] [CYCLE] Operational cycle 67 complete (12:02:37 AM)
[2026-09-02T21:02:47.954Z] [DECISION] Plan carefully, then execute (Context: Operational efficiency trending down, Risk: medium, Urgency: normal)
[2026-09-02T21:02:47.955Z] [AGENT-OVERLOAD] Agent order fulfillment overloaded with 15208 tasks
[2026-09-02T21:02:47.955Z] [AGENT-OVERLOAD] Agent 11 overloaded with 15208 tasks
[2026-09-02T21:02:47.956Z] [AGENT-OVERLOAD] Agent trading bot overloaded with 15207 tasks
[2026-09-02T21:02:47.958Z] [AGENT-IDLE] Agent dropshiping make sue it eans 2000000 mounthly is idle
[2026-09-02T21:02:47.958Z] [AGENT-IDLE] Agent Autonomous Agent is idle
[2026-09-02T21:02:47.960Z] [CYCLE] Operational cycle 68 complete (12:02:47 AM)
[2026-09-02T21:02:57.958Z] [DECISION] Plan carefully, then execute (Context: System load increasing, Risk: medium, Urgency: normal)
[2026-09-02T21:02:57.961Z] [AGENT-OVERLOAD] Agent order fulfillment overloaded with 15208 tasks
[2026-09-02T21:02:57.963Z] [AGENT-OVERLOAD] Agent 11 overloaded with 15208 tasks
[2026-09-02T21:02:57.963Z] [AGENT-OVERLOAD] Agent trading bot overloaded with 15207 tasks
[2026-09-02T21:02:57.964Z] [AGENT-IDLE] Agent dropshiping make sue it eans 2000000 mounthly is idle
[2026-09-02T21:02:57.964Z] [AGENT-IDLE] Agent Autonomous Agent is idle
[2026-09-02T21:02:57.965Z] [CYCLE] Operational cycle 69 complete (12:02:57 AM)
[2026-09-02T21:03:07.668Z] [METRICS] Cycles: 69, Tasks: 12, Decisions: 238, Uptime: 9865s
[2026-09-02T21:03:07.769Z] [OPTIMIZATION] Resource optimization improved to 100.0%
[2026-09-02T21:03:07.957Z] [DECISION] Plan carefully, then execute (Context: New pattern detected in operations, Risk: medium, Urgency: normal)
[2026-09-02T21:03:07.958Z] [AGENT-OVERLOAD] Agent order fulfillment overloaded with 15208 tasks
[2026-09-02T21:03:07.959Z] [AGENT-OVERLOAD] Agent 11 overloaded with 15208 tasks
[2026-09-02T21:03:07.960Z] [AGENT-OVERLOAD] Agent trading bot overloaded with 15207 tasks
[2026-09-02T21:03:07.961Z] [AGENT-IDLE] Agent dropshiping make sue it eans 2000000 mounthly is idle
[2026-09-02T21:03:07.962Z] [AGENT-IDLE] Agent Autonomous Agent is idle
[2026-09-02T21:03:07.963Z] [CYCLE] Operational cycle 70 complete (12:03:07 AM)
[2026-09-02T21:03:17.974Z] [DECISION] Plan carefully, then execute (Context: Resource allocation needs optimization, Risk: medium, Urgency: normal)
[2026-09-02T21:03:17.977Z] [AGENT-OVERLOAD] Agent order fulfillment overloaded with 15208 tasks
[2026-09-02T21:03:17.978Z] [AGENT-OVERLOAD] Agent 11 overloaded with 15208 tasks
[2026-09-02T21:03:17.978Z] [AGENT-OVERLOAD] Agent trading bot overloaded with 15207 tasks
[2026-09-02T21:03:17.979Z] [AGENT-IDLE] Agent dropshiping make sue it eans 2000000 mounthly is idle
[2026-09-02T21:03:17.979Z] [AGENT-IDLE] Agent Autonomous Agent is idle
[2026-09-02T21:03:17.980Z] [CYCLE] Operational cycle 71 complete (12:03:17 AM)
[2026-09-02T21:03:27.983Z] [DECISION] Plan carefully, then execute (Context: System load increasing, Risk: medium, Urgency: normal)
[2026-09-02T21:03:27.986Z] [AGENT-OVERLOAD] Agent order fulfillment overloaded with 15208 tasks
[2026-09-02T21:03:27.988Z] [AGENT-OVERLOAD] Agent 11 overloaded with 15208 tasks
[2026-09-02T21:03:27.988Z] [AGENT-OVERLOAD] Agent trading bot overloaded with 15207 tasks
[2026-09-02T21:03:27.989Z] [AGENT-IDLE] Agent dropshiping make sue it eans 2000000 mounthly is idle
[2026-09-02T21:03:27.989Z] [AGENT-IDLE] Agent Autonomous Agent is idle
[2026-09-02T21:03:27.990Z] [CYCLE] Operational cycle 72 complete (12:03:27 AM)
[2026-09-02T21:03:37.782Z] [OPTIMIZATION] Resource optimization improved to 100.0%
[2026-09-02T21:03:37.989Z] [DECISION] Plan carefully, then execute (Context: Resource allocation needs optimization, Risk: medium, Urgency: normal)
[2026-09-02T21:03:37.991Z] [AGENT-OVERLOAD] Agent order fulfillment overloaded with 15208 tasks
[2026-09-02T21:03:37.993Z] [AGENT-OVERLOAD] Agent 11 overloaded with 15208 tasks
[2026-09-02T21:03:37.995Z] [AGENT-OVERLOAD] Agent trading bot overloaded with 15207 tasks
[2026-09-02T21:03:37.997Z] [AGENT-IDLE] Agent dropshiping make sue it eans 2000000 mounthly is idle
[2026-09-02T21:03:37.999Z] [AGENT-IDLE] Agent Autonomous Agent is idle
[2026-09-02T21:03:38.001Z] [CYCLE] Operational cycle 73 complete (12:03:37 AM)
[2026-09-02T21:03:47.997Z] [DECISION] Plan carefully, then execute (Context: Resource allocation needs optimization, Risk: medium, Urgency: normal)
[2026-09-02T21:03:47.998Z] [AGENT-OVERLOAD] Agent order fulfillment overloaded with 15208 tasks
[2026-09-02T21:03:47.999Z] [AGENT-OVERLOAD] Agent 11 overloaded with 15208 tasks
[2026-09-02T21:03:47.999Z] [AGENT-OVERLOAD] Agent trading bot overloaded with 15207 tasks
[2026-09-02T21:03:48.000Z] [AGENT-IDLE] Agent dropshiping make sue it eans 2000000 mounthly is idle
[2026-09-02T21:03:48.000Z] [AGENT-IDLE] Agent Autonomous Agent is idle
[2026-09-02T21:03:48.000Z] [CYCLE] Operational cycle 74 complete (12:03:47 AM)
[2026-09-02T21:03:58.004Z] [DECISION] Plan carefully, then execute (Context: Resource allocation needs optimization, Risk: medium, Urgency: normal)
[2026-09-02T21:03:58.005Z] [AGENT-OVERLOAD] Agent order fulfillment overloaded with 15208 tasks
[2026-09-02T21:03:58.006Z] [AGENT-OVERLOAD] Agent 11 overloaded with 15208 tasks
[2026-09-02T21:03:58.006Z] [AGENT-OVERLOAD] Agent trading bot overloaded with 15207 tasks
[2026-09-02T21:03:58.007Z] [AGENT-IDLE] Agent dropshiping make sue it eans 2000000 mounthly is idle
[2026-09-02T21:03:58.007Z] [AGENT-IDLE] Agent Autonomous Agent is idle
[2026-09-02T21:03:58.008Z] [CYCLE] Operational cycle 75 complete (12:03:58 AM)
[2026-09-02T21:03:58.676Z] [LEARNING] Created autonomous task template: make 1000000000000000000000000000000000000000000000000000000000000000000000000000000000000000000000 by octber
[2026-09-02T21:04:07.668Z] [METRICS] Cycles: 75, Tasks: 12, Decisions: 244, Uptime: 9925s
[2026-09-02T21:04:07.785Z] [OPTIMIZATION] Resource optimization improved to 100.0%
[2026-09-02T21:04:08.020Z] [DECISION] Plan carefully, then execute (Context: Operational efficiency trending down, Risk: medium, Urgency: normal)
[2026-09-02T21:04:08.022Z] [AGENT-OVERLOAD] Agent order fulfillment overloaded with 15208 tasks
[2026-09-02T21:04:08.024Z] [AGENT-OVERLOAD] Agent 11 overloaded with 15208 tasks
[2026-09-02T21:04:08.026Z] [AGENT-OVERLOAD] Agent trading bot overloaded with 15207 tasks
[2026-09-02T21:04:08.028Z] [AGENT-IDLE] Agent dropshiping make sue it eans 2000000 mounthly is idle
[2026-09-02T21:04:08.030Z] [AGENT-IDLE] Agent Autonomous Agent is idle
[2026-09-02T21:04:08.033Z] [CYCLE] Operational cycle 76 complete (12:04:08 AM)
[2026-09-02T21:04:18.025Z] [DECISION] Plan carefully, then execute (Context: System load increasing, Risk: medium, Urgency: normal)
[2026-09-02T21:04:18.026Z] [AGENT-OVERLOAD] Agent order fulfillment overloaded with 15208 tasks
[2026-09-02T21:04:18.028Z] [AGENT-OVERLOAD] Agent 11 overloaded with 15208 tasks
[2026-09-02T21:04:18.029Z] [AGENT-OVERLOAD] Agent trading bot overloaded with 15207 tasks
[2026-09-02T21:04:18.029Z] [AGENT-IDLE] Agent dropshiping make sue it eans 2000000 mounthly is idle
[2026-09-02T21:04:18.030Z] [AGENT-IDLE] Agent Autonomous Agent is idle
[2026-09-02T21:04:18.031Z] [CYCLE] Operational cycle 77 complete (12:04:18 AM)
[2026-09-02T21:04:23.211Z] [LEARNING] Auto-adapted to performance drop
[2026-09-02T21:04:28.032Z] [DECISION] Plan carefully, then execute (Context: New pattern detected in operations, Risk: medium, Urgency: normal)
[2026-09-02T21:04:28.033Z] [AGENT-OVERLOAD] Agent order fulfillment overloaded with 15208 tasks
[2026-09-02T21:04:28.034Z] [AGENT-OVERLOAD] Agent 11 overloaded with 15208 tasks
[2026-09-02T21:04:28.034Z] [AGENT-OVERLOAD] Agent trading bot overloaded with 15207 tasks
[2026-09-02T21:04:28.035Z] [AGENT-IDLE] Agent dropshiping make sue it eans 2000000 mounthly is idle
[2026-09-02T21:04:28.036Z] [AGENT-IDLE] Agent Autonomous Agent is idle
[2026-09-02T21:04:28.037Z] [CYCLE] Operational cycle 78 complete (12:04:28 AM)
[2026-09-02T21:04:28.226Z] [LEARNING] Auto-adapted to performance drop
[2026-09-02T21:04:37.791Z] [OPTIMIZATION] Resource optimization improved to 100.0%
[2026-09-02T21:04:38.046Z] [DECISION] Plan carefully, then execute (Context: Resource allocation needs optimization, Risk: medium, Urgency: normal)
[2026-09-02T21:04:38.048Z] [AGENT-OVERLOAD] Agent order fulfillment overloaded with 15208 tasks
[2026-09-02T21:04:38.050Z] [AGENT-OVERLOAD] Agent 11 overloaded with 15208 tasks
[2026-09-02T21:04:38.050Z] [AGENT-OVERLOAD] Agent trading bot overloaded with 15207 tasks
[2026-09-02T21:04:38.051Z] [AGENT-IDLE] Agent dropshiping make sue it eans 2000000 mounthly is idle
[2026-09-02T21:04:38.051Z] [AGENT-IDLE] Agent Autonomous Agent is idle
[2026-09-02T21:04:38.052Z] [CYCLE] Operational cycle 79 complete (12:04:38 AM)
[2026-09-02T21:04:48.055Z] [DECISION] Plan carefully, then execute (Context: Operational efficiency trending down, Risk: medium, Urgency: normal)
[2026-09-02T21:04:48.056Z] [AGENT-OVERLOAD] Agent order fulfillment overloaded with 15208 tasks
[2026-09-02T21:04:48.056Z] [AGENT-OVERLOAD] Agent 11 overloaded with 15208 tasks
[2026-09-02T21:04:48.057Z] [AGENT-OVERLOAD] Agent trading bot overloaded with 15207 tasks
[2026-09-02T21:04:48.057Z] [AGENT-IDLE] Agent dropshiping make sue it eans 2000000 mounthly is idle
[2026-09-02T21:04:48.058Z] [AGENT-IDLE] Agent Autonomous Agent is idle
[2026-09-02T21:04:48.059Z] [CYCLE] Operational cycle 80 complete (12:04:48 AM)
[2026-09-02T21:04:58.073Z] [DECISION] Plan carefully, then execute (Context: System load increasing, Risk: medium, Urgency: normal)
[2026-09-02T21:04:58.075Z] [AGENT-OVERLOAD] Agent order fulfillment overloaded with 15208 tasks
[2026-09-02T21:04:58.078Z] [AGENT-OVERLOAD] Agent 11 overloaded with 15208 tasks
[2026-09-02T21:04:58.080Z] [AGENT-OVERLOAD] Agent trading bot overloaded with 15207 tasks
[2026-09-02T21:04:58.082Z] [AGENT-IDLE] Agent dropshiping make sue it eans 2000000 mounthly is idle
[2026-09-02T21:04:58.084Z] [AGENT-IDLE] Agent Autonomous Agent is idle
[2026-09-02T21:04:58.086Z] [CYCLE] Operational cycle 81 complete (12:04:58 AM)
[2026-09-02T21:05:07.668Z] [METRICS] Cycles: 81, Tasks: 12, Decisions: 250, Uptime: 9985s
[2026-09-02T21:05:07.795Z] [OPTIMIZATION] Resource optimization improved to 100.0%
[2026-09-02T21:05:08.069Z] [DECISION] Plan carefully, then execute (Context: Operational efficiency trending down, Risk: medium, Urgency: normal)
[2026-09-02T21:05:08.070Z] [AGENT-OVERLOAD] Agent order fulfillment overloaded with 15208 tasks
[2026-09-02T21:05:08.070Z] [AGENT-OVERLOAD] Agent 11 overloaded with 15208 tasks
[2026-09-02T21:05:08.071Z] [AGENT-OVERLOAD] Agent trading bot overloaded with 15207 tasks
[2026-09-02T21:05:08.073Z] [AGENT-IDLE] Agent dropshiping make sue it eans 2000000 mounthly is idle
[2026-09-02T21:05:08.074Z] [AGENT-IDLE] Agent Autonomous Agent is idle
[2026-09-02T21:05:08.075Z] [CYCLE] Operational cycle 82 complete (12:05:08 AM)
[2026-09-02T21:05:18.084Z] [DECISION] Plan carefully, then execute (Context: Resource allocation needs optimization, Risk: medium, Urgency: normal)
[2026-09-02T21:05:18.084Z] [AGENT-OVERLOAD] Agent order fulfillment overloaded with 15208 tasks
[2026-09-02T21:05:18.085Z] [AGENT-OVERLOAD] Agent 11 overloaded with 15208 tasks
[2026-09-02T21:05:18.085Z] [AGENT-OVERLOAD] Agent trading bot overloaded with 15207 tasks
[2026-09-02T21:05:18.086Z] [AGENT-IDLE] Agent dropshiping make sue it eans 2000000 mounthly is idle
[2026-09-02T21:05:18.086Z] [AGENT-IDLE] Agent Autonomous Agent is idle
[2026-09-02T21:05:18.087Z] [CYCLE] Operational cycle 83 complete (12:05:18 AM)
[2026-09-02T21:05:28.090Z] [DECISION] Plan carefully, then execute (Context: Resource allocation needs optimization, Risk: medium, Urgency: normal)
[2026-09-02T21:05:28.090Z] [AGENT-OVERLOAD] Agent order fulfillment overloaded with 15208 tasks
[2026-09-02T21:05:28.091Z] [AGENT-OVERLOAD] Agent 11 overloaded with 15208 tasks
[2026-09-02T21:05:28.091Z] [AGENT-OVERLOAD] Agent trading bot overloaded with 15207 tasks
[2026-09-02T21:05:28.092Z] [AGENT-IDLE] Agent dropshiping make sue it eans 2000000 mounthly is idle
[2026-09-02T21:05:28.093Z] [AGENT-IDLE] Agent Autonomous Agent is idle
[2026-09-02T21:05:28.093Z] [CYCLE] Operational cycle 84 complete (12:05:28 AM)
[2026-09-02T21:05:37.808Z] [OPTIMIZATION] Resource optimization improved to 100.0%
[2026-09-02T21:05:38.094Z] [DECISION] Plan carefully, then execute (Context: System load increasing, Risk: medium, Urgency: normal)
[2026-09-02T21:05:38.095Z] [AGENT-OVERLOAD] Agent order fulfillment overloaded with 15208 tasks
[2026-09-02T21:05:38.096Z] [AGENT-OVERLOAD] Agent 11 overloaded with 15208 tasks
[2026-09-02T21:05:38.096Z] [AGENT-OVERLOAD] Agent trading bot overloaded with 15207 tasks
[2026-09-02T21:05:38.097Z] [AGENT-IDLE] Agent dropshiping make sue it eans 2000000 mounthly is idle
[2026-09-02T21:05:38.097Z] [AGENT-IDLE] Agent Autonomous Agent is idle
[2026-09-02T21:05:38.098Z] [CYCLE] Operational cycle 85 complete (12:05:38 AM)
[2026-09-02T21:05:48.116Z] [DECISION] Plan carefully, then execute (Context: Operational efficiency trending down, Risk: medium, Urgency: normal)
[2026-09-02T21:05:48.116Z] [AGENT-OVERLOAD] Agent order fulfillment overloaded with 15208 tasks
[2026-09-02T21:05:48.117Z] [AGENT-OVERLOAD] Agent 11 overloaded with 15208 tasks
[2026-09-02T21:05:48.117Z] [AGENT-OVERLOAD] Agent trading bot overloaded with 15207 tasks
[2026-09-02T21:05:48.118Z] [AGENT-IDLE] Agent dropshiping make sue it eans 2000000 mounthly is idle
[2026-09-02T21:05:48.118Z] [AGENT-IDLE] Agent Autonomous Agent is idle
[2026-09-02T21:05:48.119Z] [CYCLE] Operational cycle 86 complete (12:05:48 AM)
[2026-09-02T21:05:58.119Z] [DECISION] Plan carefully, then execute (Context: New pattern detected in operations, Risk: medium, Urgency: normal)
[2026-09-02T21:05:58.120Z] [AGENT-OVERLOAD] Agent order fulfillment overloaded with 15208 tasks
[2026-09-02T21:05:58.120Z] [AGENT-OVERLOAD] Agent 11 overloaded with 15208 tasks
[2026-09-02T21:05:58.121Z] [AGENT-OVERLOAD] Agent trading bot overloaded with 15207 tasks
[2026-09-02T21:05:58.121Z] [AGENT-IDLE] Agent dropshiping make sue it eans 2000000 mounthly is idle
[2026-09-02T21:05:58.122Z] [AGENT-IDLE] Agent Autonomous Agent is idle
[2026-09-02T21:05:58.122Z] [CYCLE] Operational cycle 87 complete (12:05:58 AM)
[2026-09-02T21:06:01.489Z] [LEARNING] Auto-adapted to performance drop
[2026-09-02T21:06:06.501Z] [LEARNING] Auto-adapted to performance drop
[2026-09-02T21:06:07.672Z] [METRICS] Cycles: 87, Tasks: 12, Decisions: 256, Uptime: 10045s
[2026-09-02T21:06:07.815Z] [OPTIMIZATION] Resource optimization improved to 100.0%
[2026-09-02T21:06:08.117Z] [DECISION] Plan carefully, then execute (Context: Operational efficiency trending down, Risk: medium, Urgency: normal)
[2026-09-02T21:06:08.117Z] [AGENT-OVERLOAD] Agent order fulfillment overloaded with 15208 tasks
[2026-09-02T21:06:08.118Z] [AGENT-OVERLOAD] Agent 11 overloaded with 15208 tasks
[2026-09-02T21:06:08.119Z] [AGENT-OVERLOAD] Agent trading bot overloaded with 15207 tasks
[2026-09-02T21:06:08.120Z] [AGENT-IDLE] Agent dropshiping make sue it eans 2000000 mounthly is idle
[2026-09-02T21:06:08.121Z] [AGENT-IDLE] Agent Autonomous Agent is idle
[2026-09-02T21:06:08.121Z] [CYCLE] Operational cycle 88 complete (12:06:08 AM)
[2026-09-02T21:06:18.128Z] [DECISION] Plan carefully, then execute (Context: Resource allocation needs optimization, Risk: medium, Urgency: normal)
[2026-09-02T21:06:18.129Z] [AGENT-OVERLOAD] Agent order fulfillment overloaded with 15208 tasks
[2026-09-02T21:06:18.129Z] [AGENT-OVERLOAD] Agent 11 overloaded with 15208 tasks
[2026-09-02T21:06:18.129Z] [AGENT-OVERLOAD] Agent trading bot overloaded with 15207 tasks
[2026-09-02T21:06:18.130Z] [AGENT-IDLE] Agent dropshiping make sue it eans 2000000 mounthly is idle
[2026-09-02T21:06:18.130Z] [AGENT-IDLE] Agent Autonomous Agent is idle
[2026-09-02T21:06:18.131Z] [CYCLE] Operational cycle 89 complete (12:06:18 AM)
[2026-09-02T21:06:28.131Z] [DECISION] Plan carefully, then execute (Context: Operational efficiency trending down, Risk: medium, Urgency: normal)
[2026-09-02T21:06:28.133Z] [AGENT-OVERLOAD] Agent order fulfillment overloaded with 15208 tasks
[2026-09-02T21:06:28.134Z] [AGENT-OVERLOAD] Agent 11 overloaded with 15208 tasks
[2026-09-02T21:06:28.135Z] [AGENT-OVERLOAD] Agent trading bot overloaded with 15207 tasks
[2026-09-02T21:06:28.135Z] [AGENT-IDLE] Agent dropshiping make sue it eans 2000000 mounthly is idle
[2026-09-02T21:06:28.136Z] [AGENT-IDLE] Agent Autonomous Agent is idle
[2026-09-02T21:06:28.136Z] [CYCLE] Operational cycle 90 complete (12:06:28 AM)
[2026-09-02T21:06:37.827Z] [OPTIMIZATION] Resource optimization improved to 100.0%
[2026-09-02T21:06:38.133Z] [DECISION] Plan carefully, then execute (Context: Resource allocation needs optimization, Risk: medium, Urgency: normal)
[2026-09-02T21:06:38.134Z] [AGENT-OVERLOAD] Agent order fulfillment overloaded with 15208 tasks
[2026-09-02T21:06:38.135Z] [AGENT-OVERLOAD] Agent 11 overloaded with 15208 tasks
[2026-09-02T21:06:38.135Z] [AGENT-OVERLOAD] Agent trading bot overloaded with 15207 tasks
[2026-09-02T21:06:38.136Z] [AGENT-IDLE] Agent dropshiping make sue it eans 2000000 mounthly is idle
[2026-09-02T21:06:38.137Z] [AGENT-IDLE] Agent Autonomous Agent is idle
[2026-09-02T21:06:38.137Z] [CYCLE] Operational cycle 91 complete (12:06:38 AM)
[2026-09-02T21:06:48.150Z] [DECISION] Plan carefully, then execute (Context: Operational efficiency trending down, Risk: medium, Urgency: normal)
[2026-09-02T21:06:48.151Z] [AGENT-OVERLOAD] Agent order fulfillment overloaded with 15208 tasks
[2026-09-02T21:06:48.152Z] [AGENT-OVERLOAD] Agent 11 overloaded with 15208 tasks
[2026-09-02T21:06:48.153Z] [AGENT-OVERLOAD] Agent trading bot overloaded with 15207 tasks
[2026-09-02T21:06:48.154Z] [AGENT-IDLE] Agent dropshiping make sue it eans 2000000 mounthly is idle
[2026-09-02T21:06:48.155Z] [AGENT-IDLE] Agent Autonomous Agent is idle
[2026-09-02T21:06:48.156Z] [CYCLE] Operational cycle 92 complete (12:06:48 AM)
[2026-09-02T21:06:58.158Z] [DECISION] Plan carefully, then execute (Context: Resource allocation needs optimization, Risk: medium, Urgency: normal)
[2026-09-02T21:06:58.158Z] [AGENT-OVERLOAD] Agent order fulfillment overloaded with 15208 tasks
[2026-09-02T21:06:58.159Z] [AGENT-OVERLOAD] Agent 11 overloaded with 15208 tasks
[2026-09-02T21:06:58.159Z] [AGENT-OVERLOAD] Agent trading bot overloaded with 15207 tasks
[2026-09-02T21:06:58.160Z] [AGENT-IDLE] Agent dropshiping make sue it eans 2000000 mounthly is idle
[2026-09-02T21:06:58.160Z] [AGENT-IDLE] Agent Autonomous Agent is idle
[2026-09-02T21:06:58.161Z] [CYCLE] Operational cycle 93 complete (12:06:58 AM)
[2026-09-02T21:07:07.673Z] [METRICS] Cycles: 93, Tasks: 12, Decisions: 262, Uptime: 10105s
[2026-09-02T21:07:07.837Z] [OPTIMIZATION] Resource optimization improved to 100.0%
[2026-09-02T21:07:08.170Z] [DECISION] Plan carefully, then execute (Context: System load increasing, Risk: medium, Urgency: normal)
[2026-09-02T21:07:08.171Z] [AGENT-OVERLOAD] Agent order fulfillment overloaded with 15208 tasks
[2026-09-02T21:07:08.172Z] [AGENT-OVERLOAD] Agent 11 overloaded with 15208 tasks
[2026-09-02T21:07:08.172Z] [AGENT-OVERLOAD] Agent trading bot overloaded with 15207 tasks
[2026-09-02T21:07:08.173Z] [AGENT-IDLE] Agent dropshiping make sue it eans 2000000 mounthly is idle
[2026-09-02T21:07:08.173Z] [AGENT-IDLE] Agent Autonomous Agent is idle
[2026-09-02T21:07:08.174Z] [CYCLE] Operational cycle 94 complete (12:07:08 AM)
[2026-09-02T21:07:18.183Z] [DECISION] Plan carefully, then execute (Context: System load increasing, Risk: medium, Urgency: normal)
[2026-09-02T21:07:18.184Z] [AGENT-OVERLOAD] Agent order fulfillment overloaded with 15208 tasks
[2026-09-02T21:07:18.184Z] [AGENT-OVERLOAD] Agent 11 overloaded with 15208 tasks
[2026-09-02T21:07:18.185Z] [AGENT-OVERLOAD] Agent trading bot overloaded with 15207 tasks
[2026-09-02T21:07:18.185Z] [AGENT-IDLE] Agent dropshiping make sue it eans 2000000 mounthly is idle
[2026-09-02T21:07:18.186Z] [AGENT-IDLE] Agent Autonomous Agent is idle
[2026-09-02T21:07:18.187Z] [CYCLE] Operational cycle 95 complete (12:07:18 AM)
[2026-09-02T21:07:28.184Z] [DECISION] Plan carefully, then execute (Context: System load increasing, Risk: medium, Urgency: normal)
[2026-09-02T21:07:28.185Z] [AGENT-OVERLOAD] Agent order fulfillment overloaded with 15208 tasks
[2026-09-02T21:07:28.185Z] [AGENT-OVERLOAD] Agent 11 overloaded with 15208 tasks
[2026-09-02T21:07:28.186Z] [AGENT-OVERLOAD] Agent trading bot overloaded with 15207 tasks
[2026-09-02T21:07:28.186Z] [AGENT-IDLE] Agent dropshiping make sue it eans 2000000 mounthly is idle
[2026-09-02T21:07:28.187Z] [AGENT-IDLE] Agent Autonomous Agent is idle
[2026-09-02T21:07:28.188Z] [CYCLE] Operational cycle 96 complete (12:07:28 AM)
[2026-09-02T21:07:37.838Z] [OPTIMIZATION] Resource optimization improved to 100.0%
[2026-09-02T21:07:38.195Z] [DECISION] Plan carefully, then execute (Context: Operational efficiency trending down, Risk: medium, Urgency: normal)
[2026-09-02T21:07:38.196Z] [AGENT-OVERLOAD] Agent order fulfillment overloaded with 15208 tasks
[2026-09-02T21:07:38.198Z] [AGENT-OVERLOAD] Agent 11 overloaded with 15208 tasks
[2026-09-02T21:07:38.199Z] [AGENT-OVERLOAD] Agent trading bot overloaded with 15207 tasks
[2026-09-02T21:07:38.200Z] [AGENT-IDLE] Agent dropshiping make sue it eans 2000000 mounthly is idle
[2026-09-02T21:07:38.200Z] [AGENT-IDLE] Agent Autonomous Agent is idle
[2026-09-02T21:07:38.201Z] [CYCLE] Operational cycle 97 complete (12:07:38 AM)
[2026-09-02T21:07:48.197Z] [DECISION] Plan carefully, then execute (Context: Operational efficiency trending down, Risk: medium, Urgency: normal)
[2026-09-02T21:07:48.198Z] [AGENT-OVERLOAD] Agent order fulfillment overloaded with 15208 tasks
[2026-09-02T21:07:48.198Z] [AGENT-OVERLOAD] Agent 11 overloaded with 15208 tasks
[2026-09-02T21:07:48.199Z] [AGENT-OVERLOAD] Agent trading bot overloaded with 15207 tasks
[2026-09-02T21:07:48.199Z] [AGENT-IDLE] Agent dropshiping make sue it eans 2000000 mounthly is idle
[2026-09-02T21:07:48.200Z] [AGENT-IDLE] Agent Autonomous Agent is idle
[2026-09-02T21:07:48.200Z] [CYCLE] Operational cycle 98 complete (12:07:48 AM)
[2026-09-02T21:07:58.204Z] [DECISION] Plan carefully, then execute (Context: New pattern detected in operations, Risk: medium, Urgency: normal)
[2026-09-02T21:07:58.205Z] [AGENT-OVERLOAD] Agent order fulfillment overloaded with 15208 tasks
[2026-09-02T21:07:58.205Z] [AGENT-OVERLOAD] Agent 11 overloaded with 15208 tasks
[2026-09-02T21:07:58.206Z] [AGENT-OVERLOAD] Agent trading bot overloaded with 15207 tasks
[2026-09-02T21:07:58.206Z] [AGENT-IDLE] Agent dropshiping make sue it eans 2000000 mounthly is idle
[2026-09-02T21:07:58.207Z] [AGENT-IDLE] Agent Autonomous Agent is idle
[2026-09-02T21:07:58.207Z] [CYCLE] Operational cycle 99 complete (12:07:58 AM)
[2026-09-02T21:08:07.688Z] [METRICS] Cycles: 99, Tasks: 12, Decisions: 268, Uptime: 10165s
[2026-09-02T21:08:07.839Z] [OPTIMIZATION] Resource optimization improved to 100.0%
[2026-09-02T21:08:08.249Z] [DECISION] Plan carefully, then execute (Context: New pattern detected in operations, Risk: medium, Urgency: normal)
[2026-09-02T21:08:08.251Z] [AGENT-OVERLOAD] Agent order fulfillment overloaded with 15208 tasks
[2026-09-02T21:08:08.252Z] [AGENT-OVERLOAD] Agent 11 overloaded with 15208 tasks
[2026-09-02T21:08:08.261Z] [AGENT-OVERLOAD] Agent trading bot overloaded with 15207 tasks
[2026-09-02T21:08:08.270Z] [AGENT-IDLE] Agent dropshiping make sue it eans 2000000 mounthly is idle
[2026-09-02T21:08:08.272Z] [AGENT-IDLE] Agent Autonomous Agent is idle
[2026-09-02T21:08:08.277Z] [CYCLE] Operational cycle 100 complete (12:08:08 AM)
[2026-09-02T21:08:18.245Z] [DECISION] Plan carefully, then execute (Context: System load increasing, Risk: medium, Urgency: normal)
[2026-09-02T21:08:18.245Z] [AGENT-OVERLOAD] Agent order fulfillment overloaded with 15208 tasks
[2026-09-02T21:08:18.246Z] [AGENT-OVERLOAD] Agent 11 overloaded with 15208 tasks
[2026-09-02T21:08:18.246Z] [AGENT-OVERLOAD] Agent trading bot overloaded with 15207 tasks
[2026-09-02T21:08:18.247Z] [AGENT-IDLE] Agent dropshiping make sue it eans 2000000 mounthly is idle
[2026-09-02T21:08:18.247Z] [AGENT-IDLE] Agent Autonomous Agent is idle
[2026-09-02T21:08:18.248Z] [CYCLE] Operational cycle 101 complete (12:08:18 AM)
[2026-09-02T21:08:28.249Z] [DECISION] Plan carefully, then execute (Context: Resource allocation needs optimization, Risk: medium, Urgency: normal)
[2026-09-02T21:08:28.249Z] [AGENT-OVERLOAD] Agent order fulfillment overloaded with 15208 tasks
[2026-09-02T21:08:28.250Z] [AGENT-OVERLOAD] Agent 11 overloaded with 15208 tasks
[2026-09-02T21:08:28.251Z] [AGENT-OVERLOAD] Agent trading bot overloaded with 15207 tasks
[2026-09-02T21:08:28.252Z] [AGENT-IDLE] Agent dropshiping make sue it eans 2000000 mounthly is idle
[2026-09-02T21:08:28.252Z] [AGENT-IDLE] Agent Autonomous Agent is idle
[2026-09-02T21:08:28.253Z] [CYCLE] Operational cycle 102 complete (12:08:28 AM)
[2026-09-02T21:08:37.845Z] [OPTIMIZATION] Resource optimization improved to 100.0%
[2026-09-02T21:08:38.260Z] [DECISION] Plan carefully, then execute (Context: System load increasing, Risk: medium, Urgency: normal)
[2026-09-02T21:08:38.261Z] [AGENT-OVERLOAD] Agent order fulfillment overloaded with 15208 tasks
[2026-09-02T21:08:38.261Z] [AGENT-OVERLOAD] Agent 11 overloaded with 15208 tasks
[2026-09-02T21:08:38.262Z] [AGENT-OVERLOAD] Agent trading bot overloaded with 15207 tasks
[2026-09-02T21:08:38.263Z] [AGENT-IDLE] Agent dropshiping make sue it eans 2000000 mounthly is idle
[2026-09-02T21:08:38.264Z] [AGENT-IDLE] Agent Autonomous Agent is idle
[2026-09-02T21:08:38.264Z] [CYCLE] Operational cycle 103 complete (12:08:38 AM)
[2026-09-02T21:08:48.264Z] [DECISION] Plan carefully, then execute (Context: System load increasing, Risk: medium, Urgency: normal)
[2026-09-02T21:08:48.265Z] [AGENT-OVERLOAD] Agent order fulfillment overloaded with 15208 tasks
[2026-09-02T21:08:48.266Z] [AGENT-OVERLOAD] Agent 11 overloaded with 15208 tasks
[2026-09-02T21:08:48.267Z] [AGENT-OVERLOAD] Agent trading bot overloaded with 15207 tasks
[2026-09-02T21:08:48.268Z] [AGENT-IDLE] Agent dropshiping make sue it eans 2000000 mounthly is idle
[2026-09-02T21:08:48.270Z] [AGENT-IDLE] Agent Autonomous Agent is idle
[2026-09-02T21:08:48.272Z] [CYCLE] Operational cycle 104 complete (12:08:48 AM)
[2026-09-02T21:08:58.264Z] [DECISION] Plan carefully, then execute (Context: System load increasing, Risk: medium, Urgency: normal)
[2026-09-02T21:08:58.265Z] [AGENT-OVERLOAD] Agent order fulfillment overloaded with 15208 tasks
[2026-09-02T21:08:58.265Z] [AGENT-OVERLOAD] Agent 11 overloaded with 15208 tasks
[2026-09-02T21:08:58.266Z] [AGENT-OVERLOAD] Agent trading bot overloaded with 15207 tasks
[2026-09-02T21:08:58.266Z] [AGENT-IDLE] Agent dropshiping make sue it eans 2000000 mounthly is idle
[2026-09-02T21:08:58.267Z] [AGENT-IDLE] Agent Autonomous Agent is idle
[2026-09-02T21:08:58.267Z] [CYCLE] Operational cycle 105 complete (12:08:58 AM)
[2026-09-02T21:09:07.696Z] [METRICS] Cycles: 105, Tasks: 12, Decisions: 274, Uptime: 10225s
[2026-09-02T21:09:07.895Z] [OPTIMIZATION] Resource optimization improved to 100.0%
[2026-09-02T21:09:08.277Z] [DECISION] Plan carefully, then execute (Context: System load increasing, Risk: medium, Urgency: normal)
[2026-09-02T21:09:08.278Z] [AGENT-OVERLOAD] Agent order fulfillment overloaded with 15208 tasks
[2026-09-02T21:09:08.279Z] [AGENT-OVERLOAD] Agent 11 overloaded with 15208 tasks
[2026-09-02T21:09:08.279Z] [AGENT-OVERLOAD] Agent trading bot overloaded with 15207 tasks
[2026-09-02T21:09:08.280Z] [AGENT-IDLE] Agent dropshiping make sue it eans 2000000 mounthly is idle
[2026-09-02T21:09:08.280Z] [AGENT-IDLE] Agent Autonomous Agent is idle
[2026-09-02T21:09:08.280Z] [CYCLE] Operational cycle 106 complete (12:09:08 AM)
[2026-09-02T21:09:18.284Z] [DECISION] Plan carefully, then execute (Context: Operational efficiency trending down, Risk: medium, Urgency: normal)
[2026-09-02T21:09:18.288Z] [AGENT-OVERLOAD] Agent order fulfillment overloaded with 15208 tasks
[2026-09-02T21:09:18.293Z] [AGENT-OVERLOAD] Agent 11 overloaded with 15208 tasks
[2026-09-02T21:09:18.293Z] [AGENT-OVERLOAD] Agent trading bot overloaded with 15207 tasks
[2026-09-02T21:09:18.295Z] [AGENT-IDLE] Agent dropshiping make sue it eans 2000000 mounthly is idle
[2026-09-02T21:09:18.296Z] [AGENT-IDLE] Agent Autonomous Agent is idle
[2026-09-02T21:09:18.297Z] [CYCLE] Operational cycle 107 complete (12:09:18 AM)
[2026-09-02T21:09:28.283Z] [DECISION] Plan carefully, then execute (Context: Operational efficiency trending down, Risk: medium, Urgency: normal)
[2026-09-02T21:09:28.284Z] [AGENT-OVERLOAD] Agent order fulfillment overloaded with 15208 tasks
[2026-09-02T21:09:28.285Z] [AGENT-OVERLOAD] Agent 11 overloaded with 15208 tasks
[2026-09-02T21:09:28.285Z] [AGENT-OVERLOAD] Agent trading bot overloaded with 15207 tasks
[2026-09-02T21:09:28.286Z] [AGENT-IDLE] Agent dropshiping make sue it eans 2000000 mounthly is idle
[2026-09-02T21:09:28.286Z] [AGENT-IDLE] Agent Autonomous Agent is idle
[2026-09-02T21:09:28.287Z] [CYCLE] Operational cycle 108 complete (12:09:28 AM)
[2026-09-02T21:09:37.911Z] [OPTIMIZATION] Resource optimization improved to 100.0%
[2026-09-02T21:09:38.291Z] [DECISION] Plan carefully, then execute (Context: System load increasing, Risk: medium, Urgency: normal)
[2026-09-02T21:09:38.293Z] [AGENT-OVERLOAD] Agent order fulfillment overloaded with 15208 tasks
[2026-09-02T21:09:38.295Z] [AGENT-OVERLOAD] Agent 11 overloaded with 15208 tasks
[2026-09-02T21:09:38.296Z] [AGENT-OVERLOAD] Agent trading bot overloaded with 15207 tasks
[2026-09-02T21:09:38.300Z] [AGENT-IDLE] Agent dropshiping make sue it eans 2000000 mounthly is idle
[2026-09-02T21:09:38.305Z] [AGENT-IDLE] Agent Autonomous Agent is idle
[2026-09-02T21:09:38.307Z] [CYCLE] Operational cycle 109 complete (12:09:38 AM)
[2026-09-02T21:09:48.409Z] [DECISION] Plan carefully, then execute (Context: Operational efficiency trending down, Risk: medium, Urgency: normal)
[2026-09-02T21:09:48.411Z] [AGENT-OVERLOAD] Agent order fulfillment overloaded with 15208 tasks
[2026-09-02T21:09:48.412Z] [AGENT-OVERLOAD] Agent 11 overloaded with 15208 tasks
[2026-09-02T21:09:48.419Z] [AGENT-OVERLOAD] Agent trading bot overloaded with 15207 tasks
[2026-09-02T21:09:48.424Z] [AGENT-IDLE] Agent dropshiping make sue it eans 2000000 mounthly is idle
[2026-09-02T21:09:48.430Z] [AGENT-IDLE] Agent Autonomous Agent is idle
[2026-09-02T21:09:48.437Z] [CYCLE] Operational cycle 110 complete (12:09:48 AM)
[2026-09-02T21:09:58.403Z] [DECISION] Plan carefully, then execute (Context: Resource allocation needs optimization, Risk: medium, Urgency: normal)
[2026-09-02T21:09:58.403Z] [AGENT-OVERLOAD] Agent order fulfillment overloaded with 15208 tasks
[2026-09-02T21:09:58.404Z] [AGENT-OVERLOAD] Agent 11 overloaded with 15208 tasks
[2026-09-02T21:09:58.404Z] [AGENT-OVERLOAD] Agent trading bot overloaded with 15207 tasks
[2026-09-02T21:09:58.405Z] [AGENT-IDLE] Agent dropshiping make sue it eans 2000000 mounthly is idle
[2026-09-02T21:09:58.406Z] [AGENT-IDLE] Agent Autonomous Agent is idle
[2026-09-02T21:09:58.407Z] [CYCLE] Operational cycle 111 complete (12:09:58 AM)
[2026-09-02T21:10:07.718Z] [METRICS] Cycles: 111, Tasks: 12, Decisions: 280, Uptime: 10285s
[2026-09-02T21:10:07.925Z] [OPTIMIZATION] Resource optimization improved to 100.0%
[2026-09-02T21:10:08.414Z] [DECISION] Plan carefully, then execute (Context: New pattern detected in operations, Risk: medium, Urgency: normal)
[2026-09-02T21:10:08.415Z] [AGENT-OVERLOAD] Agent order fulfillment overloaded with 15208 tasks
[2026-09-02T21:10:08.416Z] [AGENT-OVERLOAD] Agent 11 overloaded with 15208 tasks
[2026-09-02T21:10:08.416Z] [AGENT-OVERLOAD] Agent trading bot overloaded with 15207 tasks
[2026-09-02T21:10:08.417Z] [AGENT-IDLE] Agent dropshiping make sue it eans 2000000 mounthly is idle
[2026-09-02T21:10:08.417Z] [AGENT-IDLE] Agent Autonomous Agent is idle
[2026-09-02T21:10:08.418Z] [CYCLE] Operational cycle 112 complete (12:10:08 AM)
[2026-09-02T21:10:18.427Z] [DECISION] Plan carefully, then execute (Context: System load increasing, Risk: medium, Urgency: normal)
[2026-09-02T21:10:18.428Z] [AGENT-OVERLOAD] Agent order fulfillment overloaded with 15208 tasks
[2026-09-02T21:10:18.429Z] [AGENT-OVERLOAD] Agent 11 overloaded with 15208 tasks
[2026-09-02T21:10:18.429Z] [AGENT-OVERLOAD] Agent trading bot overloaded with 15207 tasks
[2026-09-02T21:10:18.430Z] [AGENT-IDLE] Agent dropshiping make sue it eans 2000000 mounthly is idle
[2026-09-02T21:10:18.430Z] [AGENT-IDLE] Agent Autonomous Agent is idle
[2026-09-02T21:10:18.431Z] [CYCLE] Operational cycle 113 complete (12:10:18 AM)
[2026-09-02T21:10:28.437Z] [DECISION] Plan carefully, then execute (Context: Resource allocation needs optimization, Risk: medium, Urgency: normal)
[2026-09-02T21:10:28.438Z] [AGENT-OVERLOAD] Agent order fulfillment overloaded with 15208 tasks
[2026-09-02T21:10:28.438Z] [AGENT-OVERLOAD] Agent 11 overloaded with 15208 tasks
[2026-09-02T21:10:28.439Z] [AGENT-OVERLOAD] Agent trading bot overloaded with 15207 tasks
[2026-09-02T21:10:28.439Z] [AGENT-IDLE] Agent dropshiping make sue it eans 2000000 mounthly is idle
[2026-09-02T21:10:28.440Z] [AGENT-IDLE] Agent Autonomous Agent is idle
[2026-09-02T21:10:28.440Z] [CYCLE] Operational cycle 114 complete (12:10:28 AM)
[2026-09-02T21:10:37.934Z] [OPTIMIZATION] Resource optimization improved to 100.0%
[2026-09-02T21:10:38.456Z] [DECISION] Plan carefully, then execute (Context: System load increasing, Risk: medium, Urgency: normal)
[2026-09-02T21:10:38.456Z] [AGENT-OVERLOAD] Agent order fulfillment overloaded with 15208 tasks
[2026-09-02T21:10:38.457Z] [AGENT-OVERLOAD] Agent 11 overloaded with 15208 tasks
[2026-09-02T21:10:38.457Z] [AGENT-OVERLOAD] Agent trading bot overloaded with 15207 tasks
[2026-09-02T21:10:38.458Z] [AGENT-IDLE] Agent dropshiping make sue it eans 2000000 mounthly is idle
[2026-09-02T21:10:38.458Z] [AGENT-IDLE] Agent Autonomous Agent is idle
[2026-09-02T21:10:38.459Z] [CYCLE] Operational cycle 115 complete (12:10:38 AM)
[2026-09-02T21:10:48.464Z] [DECISION] Plan carefully, then execute (Context: Resource allocation needs optimization, Risk: medium, Urgency: normal)
[2026-09-02T21:10:48.465Z] [AGENT-OVERLOAD] Agent order fulfillment overloaded with 15208 tasks
[2026-09-02T21:10:48.465Z] [AGENT-OVERLOAD] Agent 11 overloaded with 15208 tasks
[2026-09-02T21:10:48.466Z] [AGENT-OVERLOAD] Agent trading bot overloaded with 15207 tasks
[2026-09-02T21:10:48.468Z] [AGENT-IDLE] Agent dropshiping make sue it eans 2000000 mounthly is idle
[2026-09-02T21:10:48.469Z] [AGENT-IDLE] Agent Autonomous Agent is idle
[2026-09-02T21:10:48.470Z] [CYCLE] Operational cycle 116 complete (12:10:48 AM)
[2026-09-02T21:10:58.472Z] [DECISION] Plan carefully, then execute (Context: Operational efficiency trending down, Risk: medium, Urgency: normal)
[2026-09-02T21:10:58.472Z] [AGENT-OVERLOAD] Agent order fulfillment overloaded with 15208 tasks
[2026-09-02T21:10:58.473Z] [AGENT-OVERLOAD] Agent 11 overloaded with 15208 tasks
[2026-09-02T21:10:58.474Z] [AGENT-OVERLOAD] Agent trading bot overloaded with 15207 tasks
[2026-09-02T21:10:58.475Z] [AGENT-IDLE] Agent dropshiping make sue it eans 2000000 mounthly is idle
[2026-09-02T21:10:58.475Z] [AGENT-IDLE] Agent Autonomous Agent is idle
[2026-09-02T21:10:58.476Z] [CYCLE] Operational cycle 117 complete (12:10:58 AM)
[2026-09-02T21:11:07.720Z] [METRICS] Cycles: 117, Tasks: 12, Decisions: 286, Uptime: 10345s
[2026-09-02T21:11:07.939Z] [OPTIMIZATION] Resource optimization improved to 100.0%
[2026-09-02T21:11:08.479Z] [DECISION] Plan carefully, then execute (Context: Operational efficiency trending down, Risk: medium, Urgency: normal)
[2026-09-02T21:11:08.479Z] [AGENT-OVERLOAD] Agent order fulfillment overloaded with 15208 tasks
[2026-09-02T21:11:08.480Z] [AGENT-OVERLOAD] Agent 11 overloaded with 15208 tasks
[2026-09-02T21:11:08.480Z] [AGENT-OVERLOAD] Agent trading bot overloaded with 15207 tasks
[2026-09-02T21:11:08.481Z] [AGENT-IDLE] Agent dropshiping make sue it eans 2000000 mounthly is idle
[2026-09-02T21:11:08.481Z] [AGENT-IDLE] Agent Autonomous Agent is idle
[2026-09-02T21:11:08.482Z] [CYCLE] Operational cycle 118 complete (12:11:08 AM)
[2026-09-02T21:11:18.486Z] [DECISION] Plan carefully, then execute (Context: New pattern detected in operations, Risk: medium, Urgency: normal)
[2026-09-02T21:11:18.489Z] [AGENT-OVERLOAD] Agent order fulfillment overloaded with 15208 tasks
[2026-09-02T21:11:18.489Z] [AGENT-OVERLOAD] Agent 11 overloaded with 15208 tasks
[2026-09-02T21:11:18.490Z] [AGENT-OVERLOAD] Agent trading bot overloaded with 15207 tasks
[2026-09-02T21:11:18.490Z] [AGENT-IDLE] Agent dropshiping make sue it eans 2000000 mounthly is idle
[2026-09-02T21:11:18.491Z] [AGENT-IDLE] Agent Autonomous Agent is idle
[2026-09-02T21:11:18.491Z] [CYCLE] Operational cycle 119 complete (12:11:18 AM)
[2026-09-03T09:40:02.419Z] [LEARNING] Auto-adapted to performance drop
[2026-09-03T09:40:07.432Z] [LEARNING] Auto-adapted to performance drop
[2026-09-03T09:42:33.211Z] [LEARNING] Created autonomous task template: Create a task to make 1000 weekly
[2026-09-03T09:44:32.990Z] [LEARNING] Auto-adapted to performance drop
[2026-09-03T09:44:37.989Z] [LEARNING] Auto-adapted to performance drop
[2026-09-03T09:44:48.679Z] [LEARNING] Coordinated 20 tasks across 5 agents
[2026-09-03T09:45:41.351Z] [LEARNING] Auto-adapted to performance drop
[2026-09-03T09:45:46.350Z] [LEARNING] Auto-adapted to performance drop
[2026-09-03T09:49:30.528Z] [DECISION] Plan carefully, then execute (Context: i need money 100000 USD by sunday, Risk: medium, Urgency: normal)
[2026-09-03T10:02:59.237Z] [LEARNING] Auto-adapted to performance drop
[2026-09-03T10:03:04.250Z] [LEARNING] Auto-adapted to performance drop
[2026-09-03T10:03:10.983Z] [LEARNING] Auto-adapted to performance drop
[2026-09-03T10:03:16.002Z] [LEARNING] Auto-adapted to performance drop
[2026-09-03T10:03:16.236Z] [DECISION] Plan carefully, then execute (Context: Operational efficiency trending down, Risk: medium, Urgency: normal)
[2026-09-03T10:03:16.237Z] [AGENT-OVERLOAD] Agent order fulfillment overloaded with 16199 tasks
[2026-09-03T10:03:16.238Z] [AGENT-OVERLOAD] Agent 11 overloaded with 16199 tasks
[2026-09-03T10:03:16.238Z] [AGENT-OVERLOAD] Agent trading bot overloaded with 16198 tasks
[2026-09-03T10:03:16.239Z] [AGENT-OVERLOAD] Agent dropshiping make sue it eans 2000000 mounthly overloaded with 991 tasks
[2026-09-03T10:03:16.240Z] [AGENT-OVERLOAD] Agent Autonomous Agent overloaded with 991 tasks
[2026-09-03T10:03:16.240Z] [CYCLE] Operational cycle 1 complete (1:03:16 PM)
[2026-09-03T10:03:26.099Z] [DECISION] Plan carefully, then execute (Context: New pattern detected in operations, Risk: medium, Urgency: normal)
[2026-09-03T10:03:26.100Z] [AGENT-OVERLOAD] Agent order fulfillment overloaded with 16199 tasks
[2026-09-03T10:03:26.100Z] [AGENT-OVERLOAD] Agent 11 overloaded with 16199 tasks
[2026-09-03T10:03:26.101Z] [AGENT-OVERLOAD] Agent trading bot overloaded with 16198 tasks
[2026-09-03T10:03:26.101Z] [AGENT-OVERLOAD] Agent dropshiping make sue it eans 2000000 mounthly overloaded with 991 tasks
[2026-09-03T10:03:26.102Z] [AGENT-OVERLOAD] Agent Autonomous Agent overloaded with 991 tasks
[2026-09-03T10:03:26.102Z] [CYCLE] Operational cycle 2 complete (1:03:26 PM)
[2026-09-03T10:03:36.098Z] [OPTIMIZATION] Resource optimization improved to 90.0%
[2026-09-03T10:03:36.101Z] [DECISION] Plan carefully, then execute (Context: New pattern detected in operations, Risk: medium, Urgency: normal)
[2026-09-03T10:03:36.102Z] [AGENT-OVERLOAD] Agent order fulfillment overloaded with 16199 tasks
[2026-09-03T10:03:36.102Z] [AGENT-OVERLOAD] Agent 11 overloaded with 16199 tasks
[2026-09-03T10:03:36.103Z] [AGENT-OVERLOAD] Agent trading bot overloaded with 16198 tasks
[2026-09-03T10:03:36.103Z] [AGENT-OVERLOAD] Agent dropshiping make sue it eans 2000000 mounthly overloaded with 991 tasks
[2026-09-03T10:03:36.104Z] [AGENT-OVERLOAD] Agent Autonomous Agent overloaded with 991 tasks
[2026-09-03T10:03:36.104Z] [CYCLE] Operational cycle 3 complete (1:03:36 PM)
[2026-09-03T10:03:46.115Z] [DECISION] Plan carefully, then execute (Context: New pattern detected in operations, Risk: medium, Urgency: normal)
[2026-09-03T10:03:46.116Z] [AGENT-OVERLOAD] Agent order fulfillment overloaded with 16199 tasks
[2026-09-03T10:03:46.116Z] [AGENT-OVERLOAD] Agent 11 overloaded with 16199 tasks
[2026-09-03T10:03:46.117Z] [AGENT-OVERLOAD] Agent trading bot overloaded with 16198 tasks
[2026-09-03T10:03:46.117Z] [AGENT-OVERLOAD] Agent dropshiping make sue it eans 2000000 mounthly overloaded with 991 tasks
[2026-09-03T10:03:46.118Z] [AGENT-OVERLOAD] Agent Autonomous Agent overloaded with 991 tasks
[2026-09-03T10:03:46.118Z] [CYCLE] Operational cycle 4 complete (1:03:46 PM)
[2026-09-03T10:03:56.122Z] [DECISION] Plan carefully, then execute (Context: Operational efficiency trending down, Risk: medium, Urgency: normal)
[2026-09-03T10:03:56.122Z] [AGENT-OVERLOAD] Agent order fulfillment overloaded with 16199 tasks
[2026-09-03T10:03:56.123Z] [AGENT-OVERLOAD] Agent 11 overloaded with 16199 tasks
[2026-09-03T10:03:56.123Z] [AGENT-OVERLOAD] Agent trading bot overloaded with 16198 tasks
[2026-09-03T10:03:56.124Z] [AGENT-OVERLOAD] Agent dropshiping make sue it eans 2000000 mounthly overloaded with 991 tasks
[2026-09-03T10:03:56.124Z] [AGENT-OVERLOAD] Agent Autonomous Agent overloaded with 991 tasks
[2026-09-03T10:03:56.125Z] [CYCLE] Operational cycle 5 complete (1:03:56 PM)
[2026-09-03T10:04:06.096Z] [METRICS] Cycles: 5, Tasks: 12, Decisions: 294, Uptime: 60s
[2026-09-03T10:04:06.099Z] [OPTIMIZATION] Resource optimization improved to 95.0%
[2026-09-03T10:04:06.123Z] [DECISION] Plan carefully, then execute (Context: Resource allocation needs optimization, Risk: medium, Urgency: normal)
[2026-09-03T10:04:06.123Z] [AGENT-OVERLOAD] Agent order fulfillment overloaded with 16199 tasks
[2026-09-03T10:04:06.124Z] [AGENT-OVERLOAD] Agent 11 overloaded with 16199 tasks
[2026-09-03T10:04:06.126Z] [AGENT-OVERLOAD] Agent trading bot overloaded with 16198 tasks
[2026-09-03T10:04:06.127Z] [AGENT-OVERLOAD] Agent dropshiping make sue it eans 2000000 mounthly overloaded with 991 tasks
[2026-09-03T10:04:06.128Z] [AGENT-OVERLOAD] Agent Autonomous Agent overloaded with 991 tasks
[2026-09-03T10:04:06.128Z] [CYCLE] Operational cycle 6 complete (1:04:06 PM)
[2026-09-03T10:04:16.140Z] [DECISION] Plan carefully, then execute (Context: Resource allocation needs optimization, Risk: medium, Urgency: normal)
[2026-09-03T10:04:16.141Z] [AGENT-OVERLOAD] Agent order fulfillment overloaded with 16199 tasks
[2026-09-03T10:04:16.141Z] [AGENT-OVERLOAD] Agent 11 overloaded with 16199 tasks
[2026-09-03T10:04:16.142Z] [AGENT-OVERLOAD] Agent trading bot overloaded with 16198 tasks
[2026-09-03T10:04:16.142Z] [AGENT-OVERLOAD] Agent dropshiping make sue it eans 2000000 mounthly overloaded with 991 tasks
[2026-09-03T10:04:16.143Z] [AGENT-OVERLOAD] Agent Autonomous Agent overloaded with 991 tasks
[2026-09-03T10:04:16.143Z] [CYCLE] Operational cycle 7 complete (1:04:16 PM)
[2026-09-03T10:04:26.151Z] [DECISION] Plan carefully, then execute (Context: System load increasing, Risk: medium, Urgency: normal)
[2026-09-03T10:04:26.152Z] [AGENT-OVERLOAD] Agent order fulfillment overloaded with 16199 tasks
[2026-09-03T10:04:26.167Z] [AGENT-OVERLOAD] Agent 11 overloaded with 16199 tasks
[2026-09-03T10:04:26.168Z] [AGENT-OVERLOAD] Agent trading bot overloaded with 16198 tasks
[2026-09-03T10:04:26.169Z] [AGENT-OVERLOAD] Agent dropshiping make sue it eans 2000000 mounthly overloaded with 991 tasks
[2026-09-03T10:04:26.169Z] [AGENT-OVERLOAD] Agent Autonomous Agent overloaded with 991 tasks
[2026-09-03T10:04:26.170Z] [CYCLE] Operational cycle 8 complete (1:04:26 PM)
[2026-09-03T10:04:36.102Z] [OPTIMIZATION] Resource optimization improved to 100.0%
[2026-09-03T10:04:36.164Z] [DECISION] Plan carefully, then execute (Context: System load increasing, Risk: medium, Urgency: normal)
[2026-09-03T10:04:36.164Z] [AGENT-OVERLOAD] Agent order fulfillment overloaded with 16199 tasks
[2026-09-03T10:04:36.165Z] [AGENT-OVERLOAD] Agent 11 overloaded with 16199 tasks
[2026-09-03T10:04:36.165Z] [AGENT-OVERLOAD] Agent trading bot overloaded with 16198 tasks
[2026-09-03T10:04:36.166Z] [AGENT-OVERLOAD] Agent dropshiping make sue it eans 2000000 mounthly overloaded with 991 tasks
[2026-09-03T10:04:36.166Z] [AGENT-OVERLOAD] Agent Autonomous Agent overloaded with 991 tasks
[2026-09-03T10:04:36.166Z] [CYCLE] Operational cycle 9 complete (1:04:36 PM)
[2026-09-03T10:04:46.168Z] [DECISION] Plan carefully, then execute (Context: System load increasing, Risk: medium, Urgency: normal)
[2026-09-03T10:04:46.169Z] [AGENT-OVERLOAD] Agent order fulfillment overloaded with 16199 tasks
[2026-09-03T10:04:46.169Z] [AGENT-OVERLOAD] Agent 11 overloaded with 16199 tasks
[2026-09-03T10:04:46.169Z] [AGENT-OVERLOAD] Agent trading bot overloaded with 16198 tasks
[2026-09-03T10:04:46.170Z] [AGENT-OVERLOAD] Agent dropshiping make sue it eans 2000000 mounthly overloaded with 991 tasks
[2026-09-03T10:04:46.170Z] [AGENT-OVERLOAD] Agent Autonomous Agent overloaded with 991 tasks
[2026-09-03T10:04:46.171Z] [CYCLE] Operational cycle 10 complete (1:04:46 PM)
[2026-09-03T10:04:56.173Z] [DECISION] Plan carefully, then execute (Context: Operational efficiency trending down, Risk: medium, Urgency: normal)
[2026-09-03T10:04:56.174Z] [AGENT-OVERLOAD] Agent order fulfillment overloaded with 16199 tasks
[2026-09-03T10:04:56.174Z] [AGENT-OVERLOAD] Agent 11 overloaded with 16199 tasks
[2026-09-03T10:04:56.175Z] [AGENT-OVERLOAD] Agent trading bot overloaded with 16198 tasks
[2026-09-03T10:04:56.175Z] [AGENT-OVERLOAD] Agent dropshiping make sue it eans 2000000 mounthly overloaded with 991 tasks
[2026-09-03T10:04:56.176Z] [AGENT-OVERLOAD] Agent Autonomous Agent overloaded with 991 tasks
[2026-09-03T10:04:56.176Z] [CYCLE] Operational cycle 11 complete (1:04:56 PM)
[2026-09-03T10:05:06.099Z] [METRICS] Cycles: 11, Tasks: 12, Decisions: 300, Uptime: 120s
[2026-09-03T10:05:06.108Z] [OPTIMIZATION] Resource optimization improved to 100.0%
[2026-09-03T10:05:06.189Z] [DECISION] Plan carefully, then execute (Context: System load increasing, Risk: medium, Urgency: normal)
[2026-09-03T10:05:06.189Z] [AGENT-OVERLOAD] Agent order fulfillment overloaded with 16199 tasks
[2026-09-03T10:05:06.189Z] [AGENT-OVERLOAD] Agent 11 overloaded with 16199 tasks
[2026-09-03T10:05:06.190Z] [AGENT-OVERLOAD] Agent trading bot overloaded with 16198 tasks
[2026-09-03T10:05:06.191Z] [AGENT-OVERLOAD] Agent dropshiping make sue it eans 2000000 mounthly overloaded with 991 tasks
[2026-09-03T10:05:06.191Z] [AGENT-OVERLOAD] Agent Autonomous Agent overloaded with 991 tasks
[2026-09-03T10:05:06.192Z] [CYCLE] Operational cycle 12 complete (1:05:06 PM)
[2026-09-03T10:05:16.201Z] [DECISION] Plan carefully, then execute (Context: New pattern detected in operations, Risk: medium, Urgency: normal)
[2026-09-03T10:05:16.202Z] [AGENT-OVERLOAD] Agent order fulfillment overloaded with 16199 tasks
[2026-09-03T10:05:16.202Z] [AGENT-OVERLOAD] Agent 11 overloaded with 16199 tasks
[2026-09-03T10:05:16.203Z] [AGENT-OVERLOAD] Agent trading bot overloaded with 16198 tasks
[2026-09-03T10:05:16.203Z] [AGENT-OVERLOAD] Agent dropshiping make sue it eans 2000000 mounthly overloaded with 991 tasks
[2026-09-03T10:05:16.203Z] [AGENT-OVERLOAD] Agent Autonomous Agent overloaded with 991 tasks
[2026-09-03T10:05:16.204Z] [CYCLE] Operational cycle 13 complete (1:05:16 PM)
[2026-09-03T10:05:26.202Z] [DECISION] Plan carefully, then execute (Context: New pattern detected in operations, Risk: medium, Urgency: normal)
[2026-09-03T10:05:26.203Z] [AGENT-OVERLOAD] Agent order fulfillment overloaded with 16199 tasks
[2026-09-03T10:05:26.204Z] [AGENT-OVERLOAD] Agent 11 overloaded with 16199 tasks
[2026-09-03T10:05:26.204Z] [AGENT-OVERLOAD] Agent trading bot overloaded with 16198 tasks
[2026-09-03T10:05:26.205Z] [AGENT-OVERLOAD] Agent dropshiping make sue it eans 2000000 mounthly overloaded with 991 tasks
[2026-09-03T10:05:26.206Z] [AGENT-OVERLOAD] Agent Autonomous Agent overloaded with 991 tasks
[2026-09-03T10:05:26.206Z] [CYCLE] Operational cycle 14 complete (1:05:26 PM)
[2026-09-03T10:05:36.115Z] [OPTIMIZATION] Resource optimization improved to 100.0%
[2026-09-03T10:05:36.204Z] [DECISION] Plan carefully, then execute (Context: System load increasing, Risk: medium, Urgency: normal)
[2026-09-03T10:05:36.204Z] [AGENT-OVERLOAD] Agent order fulfillment overloaded with 16199 tasks
[2026-09-03T10:05:36.204Z] [AGENT-OVERLOAD] Agent 11 overloaded with 16199 tasks
[2026-09-03T10:05:36.205Z] [AGENT-OVERLOAD] Agent trading bot overloaded with 16198 tasks
[2026-09-03T10:05:36.205Z] [AGENT-OVERLOAD] Agent dropshiping make sue it eans 2000000 mounthly overloaded with 991 tasks
[2026-09-03T10:05:36.206Z] [AGENT-OVERLOAD] Agent Autonomous Agent overloaded with 991 tasks
[2026-09-03T10:05:36.206Z] [CYCLE] Operational cycle 15 complete (1:05:36 PM)
[2026-09-03T10:05:46.218Z] [DECISION] Plan carefully, then execute (Context: Resource allocation needs optimization, Risk: medium, Urgency: normal)
[2026-09-03T10:05:46.219Z] [AGENT-OVERLOAD] Agent order fulfillment overloaded with 16199 tasks
[2026-09-03T10:05:46.220Z] [AGENT-OVERLOAD] Agent 11 overloaded with 16199 tasks
[2026-09-03T10:05:46.220Z] [AGENT-OVERLOAD] Agent trading bot overloaded with 16198 tasks
[2026-09-03T10:05:46.220Z] [AGENT-OVERLOAD] Agent dropshiping make sue it eans 2000000 mounthly overloaded with 991 tasks
[2026-09-03T10:05:46.221Z] [AGENT-OVERLOAD] Agent Autonomous Agent overloaded with 991 tasks
[2026-09-03T10:05:46.222Z] [CYCLE] Operational cycle 16 complete (1:05:46 PM)
[2026-09-03T10:05:56.218Z] [DECISION] Plan carefully, then execute (Context: Operational efficiency trending down, Risk: medium, Urgency: normal)
[2026-09-03T10:05:56.218Z] [AGENT-OVERLOAD] Agent order fulfillment overloaded with 16199 tasks
[2026-09-03T10:05:56.219Z] [AGENT-OVERLOAD] Agent 11 overloaded with 16199 tasks
[2026-09-03T10:05:56.219Z] [AGENT-OVERLOAD] Agent trading bot overloaded with 16198 tasks
[2026-09-03T10:05:56.220Z] [AGENT-OVERLOAD] Agent dropshiping make sue it eans 2000000 mounthly overloaded with 991 tasks
[2026-09-03T10:05:56.221Z] [AGENT-OVERLOAD] Agent Autonomous Agent overloaded with 991 tasks
[2026-09-03T10:05:56.222Z] [CYCLE] Operational cycle 17 complete (1:05:56 PM)
[2026-09-03T10:06:06.099Z] [METRICS] Cycles: 17, Tasks: 12, Decisions: 306, Uptime: 180s
[2026-09-03T10:06:06.123Z] [OPTIMIZATION] Resource optimization improved to 100.0%
[2026-09-03T10:06:06.222Z] [DECISION] Plan carefully, then execute (Context: System load increasing, Risk: medium, Urgency: normal)
[2026-09-03T10:06:06.223Z] [AGENT-OVERLOAD] Agent order fulfillment overloaded with 16199 tasks
[2026-09-03T10:06:06.223Z] [AGENT-OVERLOAD] Agent 11 overloaded with 16199 tasks
[2026-09-03T10:06:06.224Z] [AGENT-OVERLOAD] Agent trading bot overloaded with 16198 tasks
[2026-09-03T10:06:06.224Z] [AGENT-OVERLOAD] Agent dropshiping make sue it eans 2000000 mounthly overloaded with 991 tasks
[2026-09-03T10:06:06.225Z] [AGENT-OVERLOAD] Agent Autonomous Agent overloaded with 991 tasks
[2026-09-03T10:06:06.225Z] [CYCLE] Operational cycle 18 complete (1:06:06 PM)
[2026-09-03T10:06:16.228Z] [DECISION] Plan carefully, then execute (Context: System load increasing, Risk: medium, Urgency: normal)
[2026-09-03T10:06:16.229Z] [AGENT-OVERLOAD] Agent order fulfillment overloaded with 16199 tasks
[2026-09-03T10:06:16.229Z] [AGENT-OVERLOAD] Agent 11 overloaded with 16199 tasks
[2026-09-03T10:06:16.230Z] [AGENT-OVERLOAD] Agent trading bot overloaded with 16198 tasks
[2026-09-03T10:06:16.230Z] [AGENT-OVERLOAD] Agent dropshiping make sue it eans 2000000 mounthly overloaded with 991 tasks
[2026-09-03T10:06:16.231Z] [AGENT-OVERLOAD] Agent Autonomous Agent overloaded with 991 tasks
[2026-09-03T10:06:16.231Z] [CYCLE] Operational cycle 19 complete (1:06:16 PM)
[2026-09-03T10:06:26.238Z] [DECISION] Plan carefully, then execute (Context: Resource allocation needs optimization, Risk: medium, Urgency: normal)
[2026-09-03T10:06:26.238Z] [AGENT-OVERLOAD] Agent order fulfillment overloaded with 16199 tasks
[2026-09-03T10:06:26.239Z] [AGENT-OVERLOAD] Agent 11 overloaded with 16199 tasks
[2026-09-03T10:06:26.239Z] [AGENT-OVERLOAD] Agent trading bot overloaded with 16198 tasks
[2026-09-03T10:06:26.239Z] [AGENT-OVERLOAD] Agent dropshiping make sue it eans 2000000 mounthly overloaded with 991 tasks
[2026-09-03T10:06:26.240Z] [AGENT-OVERLOAD] Agent Autonomous Agent overloaded with 991 tasks
[2026-09-03T10:06:26.240Z] [CYCLE] Operational cycle 20 complete (1:06:26 PM)
[2026-09-03T10:06:36.129Z] [OPTIMIZATION] Resource optimization improved to 100.0%
[2026-09-03T10:06:36.279Z] [DECISION] Plan carefully, then execute (Context: Operational efficiency trending down, Risk: medium, Urgency: normal)
[2026-09-03T10:06:36.279Z] [AGENT-OVERLOAD] Agent order fulfillment overloaded with 16199 tasks
[2026-09-03T10:06:36.280Z] [AGENT-OVERLOAD] Agent 11 overloaded with 16199 tasks
[2026-09-03T10:06:36.282Z] [AGENT-OVERLOAD] Agent trading bot overloaded with 16198 tasks
[2026-09-03T10:06:36.283Z] [AGENT-OVERLOAD] Agent dropshiping make sue it eans 2000000 mounthly overloaded with 991 tasks
[2026-09-03T10:06:36.283Z] [AGENT-OVERLOAD] Agent Autonomous Agent overloaded with 991 tasks
[2026-09-03T10:06:36.284Z] [CYCLE] Operational cycle 21 complete (1:06:36 PM)
[2026-09-03T10:06:46.278Z] [DECISION] Plan carefully, then execute (Context: System load increasing, Risk: medium, Urgency: normal)
[2026-09-03T10:06:46.283Z] [AGENT-OVERLOAD] Agent order fulfillment overloaded with 16199 tasks
[2026-09-03T10:06:46.284Z] [AGENT-OVERLOAD] Agent 11 overloaded with 16199 tasks
[2026-09-03T10:06:46.284Z] [AGENT-OVERLOAD] Agent trading bot overloaded with 16198 tasks
[2026-09-03T10:06:46.284Z] [AGENT-OVERLOAD] Agent dropshiping make sue it eans 2000000 mounthly overloaded with 991 tasks
[2026-09-03T10:06:46.285Z] [AGENT-OVERLOAD] Agent Autonomous Agent overloaded with 991 tasks
[2026-09-03T10:06:46.285Z] [CYCLE] Operational cycle 22 complete (1:06:46 PM)
[2026-09-03T10:06:56.282Z] [DECISION] Plan carefully, then execute (Context: Resource allocation needs optimization, Risk: medium, Urgency: normal)
[2026-09-03T10:06:56.282Z] [AGENT-OVERLOAD] Agent order fulfillment overloaded with 16199 tasks
[2026-09-03T10:06:56.282Z] [AGENT-OVERLOAD] Agent 11 overloaded with 16199 tasks
[2026-09-03T10:06:56.283Z] [AGENT-OVERLOAD] Agent trading bot overloaded with 16198 tasks
[2026-09-03T10:06:56.283Z] [AGENT-OVERLOAD] Agent dropshiping make sue it eans 2000000 mounthly overloaded with 991 tasks
[2026-09-03T10:06:56.284Z] [AGENT-OVERLOAD] Agent Autonomous Agent overloaded with 991 tasks
[2026-09-03T10:06:56.284Z] [CYCLE] Operational cycle 23 complete (1:06:56 PM)
[2026-09-03T10:07:06.102Z] [METRICS] Cycles: 23, Tasks: 12, Decisions: 312, Uptime: 240s
[2026-09-03T10:07:06.134Z] [OPTIMIZATION] Resource optimization improved to 100.0%
[2026-09-03T10:07:06.283Z] [DECISION] Plan carefully, then execute (Context: Operational efficiency trending down, Risk: medium, Urgency: normal)
[2026-09-03T10:07:06.284Z] [AGENT-OVERLOAD] Agent order fulfillment overloaded with 16199 tasks
[2026-09-03T10:07:06.284Z] [AGENT-OVERLOAD] Agent 11 overloaded with 16199 tasks
[2026-09-03T10:07:06.285Z] [AGENT-OVERLOAD] Agent trading bot overloaded with 16198 tasks
[2026-09-03T10:07:06.286Z] [AGENT-OVERLOAD] Agent dropshiping make sue it eans 2000000 mounthly overloaded with 991 tasks
[2026-09-03T10:07:06.286Z] [AGENT-OVERLOAD] Agent Autonomous Agent overloaded with 991 tasks
[2026-09-03T10:07:06.287Z] [CYCLE] Operational cycle 24 complete (1:07:06 PM)
[2026-09-03T10:07:16.290Z] [DECISION] Plan carefully, then execute (Context: Resource allocation needs optimization, Risk: medium, Urgency: normal)
[2026-09-03T10:07:16.290Z] [AGENT-OVERLOAD] Agent order fulfillment overloaded with 16199 tasks
[2026-09-03T10:07:16.291Z] [AGENT-OVERLOAD] Agent 11 overloaded with 16199 tasks
[2026-09-03T10:07:16.291Z] [AGENT-OVERLOAD] Agent trading bot overloaded with 16198 tasks
[2026-09-03T10:07:16.292Z] [AGENT-OVERLOAD] Agent dropshiping make sue it eans 2000000 mounthly overloaded with 991 tasks
[2026-09-03T10:07:16.293Z] [AGENT-OVERLOAD] Agent Autonomous Agent overloaded with 991 tasks
[2026-09-03T10:07:16.293Z] [CYCLE] Operational cycle 25 complete (1:07:16 PM)
[2026-09-03T10:07:26.300Z] [DECISION] Plan carefully, then execute (Context: Operational efficiency trending down, Risk: medium, Urgency: normal)
[2026-09-03T10:07:26.301Z] [AGENT-OVERLOAD] Agent order fulfillment overloaded with 16199 tasks
[2026-09-03T10:07:26.301Z] [AGENT-OVERLOAD] Agent 11 overloaded with 16199 tasks
[2026-09-03T10:07:26.302Z] [AGENT-OVERLOAD] Agent trading bot overloaded with 16198 tasks
[2026-09-03T10:07:26.302Z] [AGENT-OVERLOAD] Agent dropshiping make sue it eans 2000000 mounthly overloaded with 991 tasks
[2026-09-03T10:07:26.303Z] [AGENT-OVERLOAD] Agent Autonomous Agent overloaded with 991 tasks
[2026-09-03T10:07:26.303Z] [CYCLE] Operational cycle 26 complete (1:07:26 PM)
[2026-09-03T10:07:36.135Z] [OPTIMIZATION] Resource optimization improved to 100.0%
[2026-09-03T10:07:36.306Z] [DECISION] Plan carefully, then execute (Context: New pattern detected in operations, Risk: medium, Urgency: normal)
[2026-09-03T10:07:36.307Z] [AGENT-OVERLOAD] Agent order fulfillment overloaded with 16199 tasks
[2026-09-03T10:07:36.307Z] [AGENT-OVERLOAD] Agent 11 overloaded with 16199 tasks
[2026-09-03T10:07:36.308Z] [AGENT-OVERLOAD] Agent trading bot overloaded with 16198 tasks
[2026-09-03T10:07:36.308Z] [AGENT-OVERLOAD] Agent dropshiping make sue it eans 2000000 mounthly overloaded with 991 tasks
[2026-09-03T10:07:36.309Z] [AGENT-OVERLOAD] Agent Autonomous Agent overloaded with 991 tasks
[2026-09-03T10:07:36.309Z] [CYCLE] Operational cycle 27 complete (1:07:36 PM)
[2026-09-03T10:07:46.316Z] [DECISION] Plan carefully, then execute (Context: Resource allocation needs optimization, Risk: medium, Urgency: normal)
[2026-09-03T10:07:46.316Z] [AGENT-OVERLOAD] Agent order fulfillment overloaded with 16199 tasks
[2026-09-03T10:07:46.317Z] [AGENT-OVERLOAD] Agent 11 overloaded with 16199 tasks
[2026-09-03T10:07:46.317Z] [AGENT-OVERLOAD] Agent trading bot overloaded with 16198 tasks
[2026-09-03T10:07:46.318Z] [AGENT-OVERLOAD] Agent dropshiping make sue it eans 2000000 mounthly overloaded with 991 tasks
[2026-09-03T10:07:46.318Z] [AGENT-OVERLOAD] Agent Autonomous Agent overloaded with 991 tasks
[2026-09-03T10:07:46.318Z] [CYCLE] Operational cycle 28 complete (1:07:46 PM)
[2026-09-03T10:07:56.331Z] [DECISION] Plan carefully, then execute (Context: Resource allocation needs optimization, Risk: medium, Urgency: normal)
[2026-09-03T10:07:56.332Z] [AGENT-OVERLOAD] Agent order fulfillment overloaded with 16199 tasks
[2026-09-03T10:07:56.332Z] [AGENT-OVERLOAD] Agent 11 overloaded with 16199 tasks
[2026-09-03T10:07:56.332Z] [AGENT-OVERLOAD] Agent trading bot overloaded with 16198 tasks
[2026-09-03T10:07:56.333Z] [AGENT-OVERLOAD] Agent dropshiping make sue it eans 2000000 mounthly overloaded with 991 tasks
[2026-09-03T10:07:56.333Z] [AGENT-OVERLOAD] Agent Autonomous Agent overloaded with 991 tasks
[2026-09-03T10:07:56.333Z] [CYCLE] Operational cycle 29 complete (1:07:56 PM)
[2026-09-03T10:08:06.104Z] [METRICS] Cycles: 29, Tasks: 12, Decisions: 318, Uptime: 300s
[2026-09-03T10:08:06.150Z] [OPTIMIZATION] Resource optimization improved to 100.0%
[2026-09-03T10:08:06.330Z] [DECISION] Plan carefully, then execute (Context: Operational efficiency trending down, Risk: medium, Urgency: normal)
[2026-09-03T10:08:06.330Z] [AGENT-OVERLOAD] Agent order fulfillment overloaded with 16199 tasks
[2026-09-03T10:08:06.330Z] [AGENT-OVERLOAD] Agent 11 overloaded with 16199 tasks
[2026-09-03T10:08:06.331Z] [AGENT-OVERLOAD] Agent trading bot overloaded with 16198 tasks
[2026-09-03T10:08:06.331Z] [AGENT-OVERLOAD] Agent dropshiping make sue it eans 2000000 mounthly overloaded with 991 tasks
[2026-09-03T10:08:06.331Z] [AGENT-OVERLOAD] Agent Autonomous Agent overloaded with 991 tasks
[2026-09-03T10:08:06.332Z] [CYCLE] Operational cycle 30 complete (1:08:06 PM)
[2026-09-03T10:08:08.351Z] [LEARNING] Auto-adapted to performance drop
[2026-09-03T10:08:13.353Z] [LEARNING] Auto-adapted to performance drop
[2026-09-03T10:08:13.575Z] [DECISION] Plan carefully, then execute (Context: Operational efficiency trending down, Risk: medium, Urgency: normal)
[2026-09-03T10:08:13.577Z] [AGENT-OVERLOAD] Agent order fulfillment overloaded with 16199 tasks
[2026-09-03T10:08:13.578Z] [AGENT-OVERLOAD] Agent 11 overloaded with 16199 tasks
[2026-09-03T10:08:13.578Z] [AGENT-OVERLOAD] Agent trading bot overloaded with 16198 tasks
[2026-09-03T10:08:13.579Z] [AGENT-OVERLOAD] Agent dropshiping make sue it eans 2000000 mounthly overloaded with 991 tasks
[2026-09-03T10:08:13.580Z] [AGENT-OVERLOAD] Agent Autonomous Agent overloaded with 991 tasks
[2026-09-03T10:08:13.580Z] [CYCLE] Operational cycle 1 complete (1:08:13 PM)
[2026-09-03T10:08:16.334Z] [DECISION] Plan carefully, then execute (Context: New pattern detected in operations, Risk: medium, Urgency: normal)
[2026-09-03T10:08:16.335Z] [AGENT-OVERLOAD] Agent order fulfillment overloaded with 16199 tasks
[2026-09-03T10:08:16.335Z] [AGENT-OVERLOAD] Agent 11 overloaded with 16199 tasks
[2026-09-03T10:08:16.336Z] [AGENT-OVERLOAD] Agent trading bot overloaded with 16198 tasks
[2026-09-03T10:08:16.336Z] [AGENT-OVERLOAD] Agent dropshiping make sue it eans 2000000 mounthly overloaded with 991 tasks
[2026-09-03T10:08:16.336Z] [AGENT-OVERLOAD] Agent Autonomous Agent overloaded with 991 tasks
[2026-09-03T10:08:16.337Z] [CYCLE] Operational cycle 31 complete (1:08:16 PM)
[2026-09-03T10:08:23.465Z] [DECISION] Plan carefully, then execute (Context: Operational efficiency trending down, Risk: medium, Urgency: normal)
[2026-09-03T10:08:23.465Z] [AGENT-OVERLOAD] Agent order fulfillment overloaded with 16199 tasks
[2026-09-03T10:08:23.466Z] [AGENT-OVERLOAD] Agent 11 overloaded with 16199 tasks
[2026-09-03T10:08:23.467Z] [AGENT-OVERLOAD] Agent trading bot overloaded with 16198 tasks
[2026-09-03T10:08:23.468Z] [AGENT-OVERLOAD] Agent dropshiping make sue it eans 2000000 mounthly overloaded with 991 tasks
[2026-09-03T10:08:23.468Z] [AGENT-OVERLOAD] Agent Autonomous Agent overloaded with 991 tasks
[2026-09-03T10:08:23.469Z] [CYCLE] Operational cycle 2 complete (1:08:23 PM)
[2026-09-03T10:08:26.335Z] [DECISION] Plan carefully, then execute (Context: System load increasing, Risk: medium, Urgency: normal)
[2026-09-03T10:08:26.336Z] [AGENT-OVERLOAD] Agent order fulfillment overloaded with 16199 tasks
[2026-09-03T10:08:26.337Z] [AGENT-OVERLOAD] Agent 11 overloaded with 16199 tasks
[2026-09-03T10:08:26.337Z] [AGENT-OVERLOAD] Agent trading bot overloaded with 16198 tasks
[2026-09-03T10:08:26.338Z] [AGENT-OVERLOAD] Agent dropshiping make sue it eans 2000000 mounthly overloaded with 991 tasks
[2026-09-03T10:08:26.338Z] [AGENT-OVERLOAD] Agent Autonomous Agent overloaded with 991 tasks
[2026-09-03T10:08:26.339Z] [CYCLE] Operational cycle 32 complete (1:08:26 PM)
[2026-09-03T10:08:33.452Z] [OPTIMIZATION] Resource optimization improved to 90.0%
[2026-09-03T10:08:33.469Z] [DECISION] Plan carefully, then execute (Context: System load increasing, Risk: medium, Urgency: normal)
[2026-09-03T10:08:33.469Z] [AGENT-OVERLOAD] Agent order fulfillment overloaded with 16199 tasks
[2026-09-03T10:08:33.470Z] [AGENT-OVERLOAD] Agent 11 overloaded with 16199 tasks
[2026-09-03T10:08:33.470Z] [AGENT-OVERLOAD] Agent trading bot overloaded with 16198 tasks
[2026-09-03T10:08:33.471Z] [AGENT-OVERLOAD] Agent dropshiping make sue it eans 2000000 mounthly overloaded with 991 tasks
[2026-09-03T10:08:33.471Z] [AGENT-OVERLOAD] Agent Autonomous Agent overloaded with 991 tasks
[2026-09-03T10:08:33.471Z] [CYCLE] Operational cycle 3 complete (1:08:33 PM)
[2026-09-03T10:08:36.163Z] [OPTIMIZATION] Resource optimization improved to 100.0%
[2026-09-03T10:08:36.347Z] [DECISION] Plan carefully, then execute (Context: Operational efficiency trending down, Risk: medium, Urgency: normal)
[2026-09-03T10:08:36.347Z] [AGENT-OVERLOAD] Agent order fulfillment overloaded with 16199 tasks
[2026-09-03T10:08:36.347Z] [AGENT-OVERLOAD] Agent 11 overloaded with 16199 tasks
[2026-09-03T10:08:36.348Z] [AGENT-OVERLOAD] Agent trading bot overloaded with 16198 tasks
[2026-09-03T10:08:36.348Z] [AGENT-OVERLOAD] Agent dropshiping make sue it eans 2000000 mounthly overloaded with 991 tasks
[2026-09-03T10:08:36.349Z] [AGENT-OVERLOAD] Agent Autonomous Agent overloaded with 991 tasks
[2026-09-03T10:08:36.349Z] [CYCLE] Operational cycle 33 complete (1:08:36 PM)
[2026-09-03T10:08:43.485Z] [DECISION] Plan carefully, then execute (Context: Operational efficiency trending down, Risk: medium, Urgency: normal)
[2026-09-03T10:08:43.485Z] [AGENT-OVERLOAD] Agent order fulfillment overloaded with 16199 tasks
[2026-09-03T10:08:43.486Z] [AGENT-OVERLOAD] Agent 11 overloaded with 16199 tasks
[2026-09-03T10:08:43.486Z] [AGENT-OVERLOAD] Agent trading bot overloaded with 16198 tasks
[2026-09-03T10:08:43.487Z] [AGENT-OVERLOAD] Agent dropshiping make sue it eans 2000000 mounthly overloaded with 991 tasks
[2026-09-03T10:08:43.487Z] [AGENT-OVERLOAD] Agent Autonomous Agent overloaded with 991 tasks
[2026-09-03T10:08:43.487Z] [CYCLE] Operational cycle 4 complete (1:08:43 PM)
[2026-09-03T10:08:46.350Z] [DECISION] Plan carefully, then execute (Context: Operational efficiency trending down, Risk: medium, Urgency: normal)
[2026-09-03T10:08:46.350Z] [AGENT-OVERLOAD] Agent order fulfillment overloaded with 16199 tasks
[2026-09-03T10:08:46.351Z] [AGENT-OVERLOAD] Agent 11 overloaded with 16199 tasks
[2026-09-03T10:08:46.352Z] [AGENT-OVERLOAD] Agent trading bot overloaded with 16198 tasks
[2026-09-03T10:08:46.352Z] [AGENT-OVERLOAD] Agent dropshiping make sue it eans 2000000 mounthly overloaded with 991 tasks
[2026-09-03T10:08:46.352Z] [AGENT-OVERLOAD] Agent Autonomous Agent overloaded with 991 tasks
[2026-09-03T10:08:46.353Z] [CYCLE] Operational cycle 34 complete (1:08:46 PM)
[2026-09-03T10:08:53.499Z] [DECISION] Plan carefully, then execute (Context: System load increasing, Risk: medium, Urgency: normal)
[2026-09-03T10:08:53.501Z] [AGENT-OVERLOAD] Agent order fulfillment overloaded with 16199 tasks
[2026-09-03T10:08:53.502Z] [AGENT-OVERLOAD] Agent 11 overloaded with 16199 tasks
[2026-09-03T10:08:53.503Z] [AGENT-OVERLOAD] Agent trading bot overloaded with 16198 tasks
[2026-09-03T10:08:53.503Z] [AGENT-OVERLOAD] Agent dropshiping make sue it eans 2000000 mounthly overloaded with 991 tasks
[2026-09-03T10:08:53.504Z] [AGENT-OVERLOAD] Agent Autonomous Agent overloaded with 991 tasks
[2026-09-03T10:08:53.504Z] [CYCLE] Operational cycle 5 complete (1:08:53 PM)
[2026-09-03T10:08:56.357Z] [DECISION] Plan carefully, then execute (Context: Operational efficiency trending down, Risk: medium, Urgency: normal)
[2026-09-03T10:08:56.358Z] [AGENT-OVERLOAD] Agent order fulfillment overloaded with 16199 tasks
[2026-09-03T10:08:56.359Z] [AGENT-OVERLOAD] Agent 11 overloaded with 16199 tasks
[2026-09-03T10:08:56.359Z] [AGENT-OVERLOAD] Agent trading bot overloaded with 16198 tasks
[2026-09-03T10:08:56.360Z] [AGENT-OVERLOAD] Agent dropshiping make sue it eans 2000000 mounthly overloaded with 991 tasks
[2026-09-03T10:08:56.360Z] [AGENT-OVERLOAD] Agent Autonomous Agent overloaded with 991 tasks
[2026-09-03T10:08:56.361Z] [CYCLE] Operational cycle 35 complete (1:08:56 PM)
[2026-09-03T10:09:03.466Z] [METRICS] Cycles: 5, Tasks: 12, Decisions: 323, Uptime: 60s
[2026-09-03T10:09:03.467Z] [OPTIMIZATION] Resource optimization improved to 95.0%
[2026-09-03T10:09:03.521Z] [DECISION] Plan carefully, then execute (Context: System load increasing, Risk: medium, Urgency: normal)
[2026-09-03T10:09:03.523Z] [AGENT-OVERLOAD] Agent order fulfillment overloaded with 16199 tasks
[2026-09-03T10:09:03.524Z] [AGENT-OVERLOAD] Agent 11 overloaded with 16199 tasks
[2026-09-03T10:09:03.525Z] [AGENT-OVERLOAD] Agent trading bot overloaded with 16198 tasks
[2026-09-03T10:09:03.525Z] [AGENT-OVERLOAD] Agent dropshiping make sue it eans 2000000 mounthly overloaded with 991 tasks
[2026-09-03T10:09:03.526Z] [AGENT-OVERLOAD] Agent Autonomous Agent overloaded with 991 tasks
[2026-09-03T10:09:03.526Z] [CYCLE] Operational cycle 6 complete (1:09:03 PM)
[2026-09-03T10:09:06.118Z] [METRICS] Cycles: 35, Tasks: 12, Decisions: 324, Uptime: 360s
[2026-09-03T10:09:06.166Z] [OPTIMIZATION] Resource optimization improved to 100.0%
[2026-09-03T10:09:06.367Z] [DECISION] Plan carefully, then execute (Context: System load increasing, Risk: medium, Urgency: normal)
[2026-09-03T10:09:06.368Z] [AGENT-OVERLOAD] Agent order fulfillment overloaded with 16199 tasks
[2026-09-03T10:09:06.368Z] [AGENT-OVERLOAD] Agent 11 overloaded with 16199 tasks
[2026-09-03T10:09:06.369Z] [AGENT-OVERLOAD] Agent trading bot overloaded with 16198 tasks
[2026-09-03T10:09:06.369Z] [AGENT-OVERLOAD] Agent dropshiping make sue it eans 2000000 mounthly overloaded with 991 tasks
[2026-09-03T10:09:06.369Z] [AGENT-OVERLOAD] Agent Autonomous Agent overloaded with 991 tasks
[2026-09-03T10:09:06.370Z] [CYCLE] Operational cycle 36 complete (1:09:06 PM)
[2026-09-03T10:09:13.533Z] [DECISION] Plan carefully, then execute (Context: System load increasing, Risk: medium, Urgency: normal)
[2026-09-03T10:09:13.533Z] [AGENT-OVERLOAD] Agent order fulfillment overloaded with 16199 tasks
[2026-09-03T10:09:13.534Z] [AGENT-OVERLOAD] Agent 11 overloaded with 16199 tasks
[2026-09-03T10:09:13.535Z] [AGENT-OVERLOAD] Agent trading bot overloaded with 16198 tasks
[2026-09-03T10:09:13.535Z] [AGENT-OVERLOAD] Agent dropshiping make sue it eans 2000000 mounthly overloaded with 991 tasks
[2026-09-03T10:09:13.536Z] [AGENT-OVERLOAD] Agent Autonomous Agent overloaded with 991 tasks
[2026-09-03T10:09:13.536Z] [CYCLE] Operational cycle 7 complete (1:09:13 PM)
[2026-09-03T10:09:16.376Z] [DECISION] Plan carefully, then execute (Context: Operational efficiency trending down, Risk: medium, Urgency: normal)
[2026-09-03T10:09:16.377Z] [AGENT-OVERLOAD] Agent order fulfillment overloaded with 16199 tasks
[2026-09-03T10:09:16.377Z] [AGENT-OVERLOAD] Agent 11 overloaded with 16199 tasks
[2026-09-03T10:09:16.378Z] [AGENT-OVERLOAD] Agent trading bot overloaded with 16198 tasks
[2026-09-03T10:09:16.378Z] [AGENT-OVERLOAD] Agent dropshiping make sue it eans 2000000 mounthly overloaded with 991 tasks
[2026-09-03T10:09:16.379Z] [AGENT-OVERLOAD] Agent Autonomous Agent overloaded with 991 tasks
[2026-09-03T10:09:16.379Z] [CYCLE] Operational cycle 37 complete (1:09:16 PM)
[2026-09-03T10:09:23.541Z] [DECISION] Plan carefully, then execute (Context: System load increasing, Risk: medium, Urgency: normal)
[2026-09-03T10:09:23.542Z] [AGENT-OVERLOAD] Agent order fulfillment overloaded with 16199 tasks
[2026-09-03T10:09:23.542Z] [AGENT-OVERLOAD] Agent 11 overloaded with 16199 tasks
[2026-09-03T10:09:23.542Z] [AGENT-OVERLOAD] Agent trading bot overloaded with 16198 tasks
[2026-09-03T10:09:23.543Z] [AGENT-OVERLOAD] Agent dropshiping make sue it eans 2000000 mounthly overloaded with 991 tasks
[2026-09-03T10:09:23.543Z] [AGENT-OVERLOAD] Agent Autonomous Agent overloaded with 991 tasks
[2026-09-03T10:09:23.544Z] [CYCLE] Operational cycle 8 complete (1:09:23 PM)
[2026-09-03T10:09:26.379Z] [DECISION] Plan carefully, then execute (Context: System load increasing, Risk: medium, Urgency: normal)
[2026-09-03T10:09:26.379Z] [AGENT-OVERLOAD] Agent order fulfillment overloaded with 16199 tasks
[2026-09-03T10:09:26.380Z] [AGENT-OVERLOAD] Agent 11 overloaded with 16199 tasks
[2026-09-03T10:09:26.380Z] [AGENT-OVERLOAD] Agent trading bot overloaded with 16198 tasks
[2026-09-03T10:09:26.381Z] [AGENT-OVERLOAD] Agent dropshiping make sue it eans 2000000 mounthly overloaded with 991 tasks
[2026-09-03T10:09:26.381Z] [AGENT-OVERLOAD] Agent Autonomous Agent overloaded with 991 tasks
[2026-09-03T10:09:26.381Z] [CYCLE] Operational cycle 38 complete (1:09:26 PM)
[2026-09-03T10:09:33.470Z] [OPTIMIZATION] Resource optimization improved to 100.0%
[2026-09-03T10:09:33.559Z] [DECISION] Plan carefully, then execute (Context: System load increasing, Risk: medium, Urgency: normal)
[2026-09-03T10:09:33.561Z] [AGENT-OVERLOAD] Agent order fulfillment overloaded with 16199 tasks
[2026-09-03T10:09:33.562Z] [AGENT-OVERLOAD] Agent 11 overloaded with 16199 tasks
[2026-09-03T10:09:33.563Z] [AGENT-OVERLOAD] Agent trading bot overloaded with 16198 tasks
[2026-09-03T10:09:33.563Z] [AGENT-OVERLOAD] Agent dropshiping make sue it eans 2000000 mounthly overloaded with 991 tasks
[2026-09-03T10:09:33.564Z] [AGENT-OVERLOAD] Agent Autonomous Agent overloaded with 991 tasks
[2026-09-03T10:09:33.565Z] [CYCLE] Operational cycle 9 complete (1:09:33 PM)
[2026-09-03T10:09:36.182Z] [OPTIMIZATION] Resource optimization improved to 100.0%
[2026-09-03T10:09:36.383Z] [DECISION] Plan carefully, then execute (Context: New pattern detected in operations, Risk: medium, Urgency: normal)
[2026-09-03T10:09:36.384Z] [AGENT-OVERLOAD] Agent order fulfillment overloaded with 16199 tasks
[2026-09-03T10:09:36.384Z] [AGENT-OVERLOAD] Agent 11 overloaded with 16199 tasks
[2026-09-03T10:09:36.385Z] [AGENT-OVERLOAD] Agent trading bot overloaded with 16198 tasks
[2026-09-03T10:09:36.385Z] [AGENT-OVERLOAD] Agent dropshiping make sue it eans 2000000 mounthly overloaded with 991 tasks
[2026-09-03T10:09:36.385Z] [AGENT-OVERLOAD] Agent Autonomous Agent overloaded with 991 tasks
[2026-09-03T10:09:36.386Z] [CYCLE] Operational cycle 39 complete (1:09:36 PM)
[2026-09-03T10:09:43.563Z] [DECISION] Plan carefully, then execute (Context: Resource allocation needs optimization, Risk: medium, Urgency: normal)
[2026-09-03T10:09:43.564Z] [AGENT-OVERLOAD] Agent order fulfillment overloaded with 16199 tasks
[2026-09-03T10:09:43.564Z] [AGENT-OVERLOAD] Agent 11 overloaded with 16199 tasks
[2026-09-03T10:09:43.565Z] [AGENT-OVERLOAD] Agent trading bot overloaded with 16198 tasks
[2026-09-03T10:09:43.565Z] [AGENT-OVERLOAD] Agent dropshiping make sue it eans 2000000 mounthly overloaded with 991 tasks
[2026-09-03T10:09:43.566Z] [AGENT-OVERLOAD] Agent Autonomous Agent overloaded with 991 tasks
[2026-09-03T10:09:43.566Z] [CYCLE] Operational cycle 10 complete (1:09:43 PM)
[2026-09-03T10:09:46.397Z] [DECISION] Plan carefully, then execute (Context: System load increasing, Risk: medium, Urgency: normal)
[2026-09-03T10:09:46.397Z] [AGENT-OVERLOAD] Agent order fulfillment overloaded with 16199 tasks
[2026-09-03T10:09:46.397Z] [AGENT-OVERLOAD] Agent 11 overloaded with 16199 tasks
[2026-09-03T10:09:46.398Z] [AGENT-OVERLOAD] Agent trading bot overloaded with 16198 tasks
[2026-09-03T10:09:46.398Z] [AGENT-OVERLOAD] Agent dropshiping make sue it eans 2000000 mounthly overloaded with 991 tasks
[2026-09-03T10:09:46.399Z] [AGENT-OVERLOAD] Agent Autonomous Agent overloaded with 991 tasks
[2026-09-03T10:09:46.399Z] [CYCLE] Operational cycle 40 complete (1:09:46 PM)
[2026-09-03T10:09:53.574Z] [DECISION] Plan carefully, then execute (Context: New pattern detected in operations, Risk: medium, Urgency: normal)
[2026-09-03T10:09:53.574Z] [AGENT-OVERLOAD] Agent order fulfillment overloaded with 16199 tasks
[2026-09-03T10:09:53.575Z] [AGENT-OVERLOAD] Agent 11 overloaded with 16199 tasks
[2026-09-03T10:09:53.575Z] [AGENT-OVERLOAD] Agent trading bot overloaded with 16198 tasks
[2026-09-03T10:09:53.575Z] [AGENT-OVERLOAD] Agent dropshiping make sue it eans 2000000 mounthly overloaded with 991 tasks
[2026-09-03T10:09:53.576Z] [AGENT-OVERLOAD] Agent Autonomous Agent overloaded with 991 tasks
[2026-09-03T10:09:53.576Z] [CYCLE] Operational cycle 11 complete (1:09:53 PM)
[2026-09-03T10:09:56.408Z] [DECISION] Plan carefully, then execute (Context: Operational efficiency trending down, Risk: medium, Urgency: normal)
[2026-09-03T10:09:56.409Z] [AGENT-OVERLOAD] Agent order fulfillment overloaded with 16199 tasks
[2026-09-03T10:09:56.409Z] [AGENT-OVERLOAD] Agent 11 overloaded with 16199 tasks
[2026-09-03T10:09:56.410Z] [AGENT-OVERLOAD] Agent trading bot overloaded with 16198 tasks
[2026-09-03T10:09:56.411Z] [AGENT-OVERLOAD] Agent dropshiping make sue it eans 2000000 mounthly overloaded with 991 tasks
[2026-09-03T10:09:56.412Z] [AGENT-OVERLOAD] Agent Autonomous Agent overloaded with 991 tasks
[2026-09-03T10:09:56.412Z] [CYCLE] Operational cycle 41 complete (1:09:56 PM)
[2026-09-03T10:10:03.466Z] [METRICS] Cycles: 11, Tasks: 12, Decisions: 329, Uptime: 120s
[2026-09-03T10:10:03.467Z] [OPTIMIZATION] Resource optimization improved to 100.0%
[2026-09-03T10:10:03.566Z] [DECISION] Plan carefully, then execute (Context: Resource allocation needs optimization, Risk: medium, Urgency: normal)
[2026-09-03T10:10:03.566Z] [AGENT-OVERLOAD] Agent order fulfillment overloaded with 16199 tasks
[2026-09-03T10:10:03.567Z] [AGENT-OVERLOAD] Agent 11 overloaded with 16199 tasks
[2026-09-03T10:10:03.568Z] [AGENT-OVERLOAD] Agent trading bot overloaded with 16198 tasks
[2026-09-03T10:10:03.569Z] [AGENT-OVERLOAD] Agent dropshiping make sue it eans 2000000 mounthly overloaded with 991 tasks
[2026-09-03T10:10:03.570Z] [AGENT-OVERLOAD] Agent Autonomous Agent overloaded with 991 tasks
[2026-09-03T10:10:03.571Z] [CYCLE] Operational cycle 12 complete (1:10:03 PM)
[2026-09-03T10:10:06.125Z] [METRICS] Cycles: 41, Tasks: 12, Decisions: 330, Uptime: 420s
[2026-09-03T10:10:06.182Z] [OPTIMIZATION] Resource optimization improved to 100.0%
[2026-09-03T10:10:06.421Z] [DECISION] Plan carefully, then execute (Context: New pattern detected in operations, Risk: medium, Urgency: normal)
[2026-09-03T10:10:06.422Z] [AGENT-OVERLOAD] Agent order fulfillment overloaded with 16199 tasks
[2026-09-03T10:10:06.422Z] [AGENT-OVERLOAD] Agent 11 overloaded with 16199 tasks
[2026-09-03T10:10:06.422Z] [AGENT-OVERLOAD] Agent trading bot overloaded with 16198 tasks
[2026-09-03T10:10:06.423Z] [AGENT-OVERLOAD] Agent dropshiping make sue it eans 2000000 mounthly overloaded with 991 tasks
[2026-09-03T10:10:06.423Z] [AGENT-OVERLOAD] Agent Autonomous Agent overloaded with 991 tasks
[2026-09-03T10:10:06.424Z] [CYCLE] Operational cycle 42 complete (1:10:06 PM)
[2026-09-03T10:10:13.568Z] [DECISION] Plan carefully, then execute (Context: Operational efficiency trending down, Risk: medium, Urgency: normal)
[2026-09-03T10:10:13.568Z] [AGENT-OVERLOAD] Agent order fulfillment overloaded with 16199 tasks
[2026-09-03T10:10:13.569Z] [AGENT-OVERLOAD] Agent 11 overloaded with 16199 tasks
[2026-09-03T10:10:13.569Z] [AGENT-OVERLOAD] Agent trading bot overloaded with 16198 tasks
[2026-09-03T10:10:13.570Z] [AGENT-OVERLOAD] Agent dropshiping make sue it eans 2000000 mounthly overloaded with 991 tasks
[2026-09-03T10:10:13.570Z] [AGENT-OVERLOAD] Agent Autonomous Agent overloaded with 991 tasks
[2026-09-03T10:10:13.571Z] [CYCLE] Operational cycle 13 complete (1:10:13 PM)
[2026-09-03T10:10:16.430Z] [DECISION] Plan carefully, then execute (Context: New pattern detected in operations, Risk: medium, Urgency: normal)
[2026-09-03T10:10:16.430Z] [AGENT-OVERLOAD] Agent order fulfillment overloaded with 16199 tasks
[2026-09-03T10:10:16.430Z] [AGENT-OVERLOAD] Agent 11 overloaded with 16199 tasks
[2026-09-03T10:10:16.431Z] [AGENT-OVERLOAD] Agent trading bot overloaded with 16198 tasks
[2026-09-03T10:10:16.431Z] [AGENT-OVERLOAD] Agent dropshiping make sue it eans 2000000 mounthly overloaded with 991 tasks
[2026-09-03T10:10:16.432Z] [AGENT-OVERLOAD] Agent Autonomous Agent overloaded with 991 tasks
[2026-09-03T10:10:16.433Z] [CYCLE] Operational cycle 43 complete (1:10:16 PM)
[2026-09-03T10:10:18.093Z] [SHUTDOWN] Daemon shutdown after 134s uptime, 13 cycles, 12 tasks
[2026-09-03T10:10:26.442Z] [DECISION] Plan carefully, then execute (Context: Resource allocation needs optimization, Risk: medium, Urgency: normal)
[2026-09-03T10:10:26.443Z] [AGENT-OVERLOAD] Agent order fulfillment overloaded with 16199 tasks
[2026-09-03T10:10:26.444Z] [AGENT-OVERLOAD] Agent 11 overloaded with 16199 tasks
[2026-09-03T10:10:26.445Z] [AGENT-OVERLOAD] Agent trading bot overloaded with 16198 tasks
[2026-09-03T10:10:26.445Z] [AGENT-OVERLOAD] Agent dropshiping make sue it eans 2000000 mounthly overloaded with 991 tasks
[2026-09-03T10:10:26.446Z] [AGENT-OVERLOAD] Agent Autonomous Agent overloaded with 991 tasks
[2026-09-03T10:10:26.447Z] [CYCLE] Operational cycle 44 complete (1:10:26 PM)
[2026-09-03T10:10:36.205Z] [OPTIMIZATION] Resource optimization improved to 100.0%
[2026-09-03T10:10:36.448Z] [DECISION] Plan carefully, then execute (Context: New pattern detected in operations, Risk: medium, Urgency: normal)
[2026-09-03T10:10:36.448Z] [AGENT-OVERLOAD] Agent order fulfillment overloaded with 16199 tasks
[2026-09-03T10:10:36.449Z] [AGENT-OVERLOAD] Agent 11 overloaded with 16199 tasks
[2026-09-03T10:10:36.449Z] [AGENT-OVERLOAD] Agent trading bot overloaded with 16198 tasks
[2026-09-03T10:10:36.449Z] [AGENT-OVERLOAD] Agent dropshiping make sue it eans 2000000 mounthly overloaded with 991 tasks
[2026-09-03T10:10:36.450Z] [AGENT-OVERLOAD] Agent Autonomous Agent overloaded with 991 tasks
[2026-09-03T10:10:36.451Z] [CYCLE] Operational cycle 45 complete (1:10:36 PM)
[2026-09-03T10:10:46.453Z] [DECISION] Plan carefully, then execute (Context: System load increasing, Risk: medium, Urgency: normal)
[2026-09-03T10:10:46.454Z] [AGENT-OVERLOAD] Agent order fulfillment overloaded with 16199 tasks
[2026-09-03T10:10:46.454Z] [AGENT-OVERLOAD] Agent 11 overloaded with 16199 tasks
[2026-09-03T10:10:46.454Z] [AGENT-OVERLOAD] Agent trading bot overloaded with 16198 tasks
[2026-09-03T10:10:46.455Z] [AGENT-OVERLOAD] Agent dropshiping make sue it eans 2000000 mounthly overloaded with 991 tasks
[2026-09-03T10:10:46.455Z] [AGENT-OVERLOAD] Agent Autonomous Agent overloaded with 991 tasks
[2026-09-03T10:10:46.456Z] [CYCLE] Operational cycle 46 complete (1:10:46 PM)
[2026-09-03T10:10:56.459Z] [DECISION] Plan carefully, then execute (Context: System load increasing, Risk: medium, Urgency: normal)
[2026-09-03T10:10:56.459Z] [AGENT-OVERLOAD] Agent order fulfillment overloaded with 16199 tasks
[2026-09-03T10:10:56.460Z] [AGENT-OVERLOAD] Agent 11 overloaded with 16199 tasks
[2026-09-03T10:10:56.460Z] [AGENT-OVERLOAD] Agent trading bot overloaded with 16198 tasks
[2026-09-03T10:10:56.460Z] [AGENT-OVERLOAD] Agent dropshiping make sue it eans 2000000 mounthly overloaded with 991 tasks
[2026-09-03T10:10:56.462Z] [AGENT-OVERLOAD] Agent Autonomous Agent overloaded with 991 tasks
[2026-09-03T10:10:56.462Z] [CYCLE] Operational cycle 47 complete (1:10:56 PM)
[2026-09-03T10:11:06.126Z] [METRICS] Cycles: 47, Tasks: 12, Decisions: 336, Uptime: 480s
[2026-09-03T10:11:06.215Z] [OPTIMIZATION] Resource optimization improved to 100.0%
[2026-09-03T10:11:06.461Z] [DECISION] Plan carefully, then execute (Context: Resource allocation needs optimization, Risk: medium, Urgency: normal)
[2026-09-03T10:11:06.462Z] [AGENT-OVERLOAD] Agent order fulfillment overloaded with 16199 tasks
[2026-09-03T10:11:06.462Z] [AGENT-OVERLOAD] Agent 11 overloaded with 16199 tasks
[2026-09-03T10:11:06.463Z] [AGENT-OVERLOAD] Agent trading bot overloaded with 16198 tasks
[2026-09-03T10:11:06.463Z] [AGENT-OVERLOAD] Agent dropshiping make sue it eans 2000000 mounthly overloaded with 991 tasks
[2026-09-03T10:11:06.463Z] [AGENT-OVERLOAD] Agent Autonomous Agent overloaded with 991 tasks
[2026-09-03T10:11:06.464Z] [CYCLE] Operational cycle 48 complete (1:11:06 PM)
[2026-09-03T10:11:16.471Z] [DECISION] Plan carefully, then execute (Context: System load increasing, Risk: medium, Urgency: normal)
[2026-09-03T10:11:16.472Z] [AGENT-OVERLOAD] Agent order fulfillment overloaded with 16199 tasks
[2026-09-03T10:11:16.472Z] [AGENT-OVERLOAD] Agent 11 overloaded with 16199 tasks
[2026-09-03T10:11:16.472Z] [AGENT-OVERLOAD] Agent trading bot overloaded with 16198 tasks
[2026-09-03T10:11:16.473Z] [AGENT-OVERLOAD] Agent dropshiping make sue it eans 2000000 mounthly overloaded with 991 tasks
[2026-09-03T10:11:16.473Z] [AGENT-OVERLOAD] Agent Autonomous Agent overloaded with 991 tasks
[2026-09-03T10:11:16.474Z] [CYCLE] Operational cycle 49 complete (1:11:16 PM)
[2026-09-03T10:11:26.476Z] [DECISION] Plan carefully, then execute (Context: Operational efficiency trending down, Risk: medium, Urgency: normal)
[2026-09-03T10:11:26.477Z] [AGENT-OVERLOAD] Agent order fulfillment overloaded with 16199 tasks
[2026-09-03T10:11:26.477Z] [AGENT-OVERLOAD] Agent 11 overloaded with 16199 tasks
[2026-09-03T10:11:26.478Z] [AGENT-OVERLOAD] Agent trading bot overloaded with 16198 tasks
[2026-09-03T10:11:26.478Z] [AGENT-OVERLOAD] Agent dropshiping make sue it eans 2000000 mounthly overloaded with 991 tasks
[2026-09-03T10:11:26.478Z] [AGENT-OVERLOAD] Agent Autonomous Agent overloaded with 991 tasks
[2026-09-03T10:11:26.479Z] [CYCLE] Operational cycle 50 complete (1:11:26 PM)
[2026-09-03T10:11:36.218Z] [OPTIMIZATION] Resource optimization improved to 100.0%
[2026-09-03T10:11:36.485Z] [DECISION] Plan carefully, then execute (Context: Operational efficiency trending down, Risk: medium, Urgency: normal)
[2026-09-03T10:11:36.485Z] [AGENT-OVERLOAD] Agent order fulfillment overloaded with 16199 tasks
[2026-09-03T10:11:36.486Z] [AGENT-OVERLOAD] Agent 11 overloaded with 16199 tasks
[2026-09-03T10:11:36.486Z] [AGENT-OVERLOAD] Agent trading bot overloaded with 16198 tasks
[2026-09-03T10:11:36.487Z] [AGENT-OVERLOAD] Agent dropshiping make sue it eans 2000000 mounthly overloaded with 991 tasks
[2026-09-03T10:11:36.487Z] [AGENT-OVERLOAD] Agent Autonomous Agent overloaded with 991 tasks
[2026-09-03T10:11:36.489Z] [CYCLE] Operational cycle 51 complete (1:11:36 PM)
[2026-09-03T10:11:46.499Z] [DECISION] Plan carefully, then execute (Context: System load increasing, Risk: medium, Urgency: normal)
[2026-09-03T10:11:46.499Z] [AGENT-OVERLOAD] Agent order fulfillment overloaded with 16199 tasks
[2026-09-03T10:11:46.500Z] [AGENT-OVERLOAD] Agent 11 overloaded with 16199 tasks
[2026-09-03T10:11:46.500Z] [AGENT-OVERLOAD] Agent trading bot overloaded with 16198 tasks
[2026-09-03T10:11:46.500Z] [AGENT-OVERLOAD] Agent dropshiping make sue it eans 2000000 mounthly overloaded with 991 tasks
[2026-09-03T10:11:46.501Z] [AGENT-OVERLOAD] Agent Autonomous Agent overloaded with 991 tasks
[2026-09-03T10:11:46.501Z] [CYCLE] Operational cycle 52 complete (1:11:46 PM)
[2026-09-03T10:11:56.505Z] [DECISION] Plan carefully, then execute (Context: System load increasing, Risk: medium, Urgency: normal)
[2026-09-03T10:11:56.510Z] [AGENT-OVERLOAD] Agent order fulfillment overloaded with 16199 tasks
[2026-09-03T10:11:56.510Z] [AGENT-OVERLOAD] Agent 11 overloaded with 16199 tasks
[2026-09-03T10:11:56.511Z] [AGENT-OVERLOAD] Agent trading bot overloaded with 16198 tasks
[2026-09-03T10:11:56.511Z] [AGENT-OVERLOAD] Agent dropshiping make sue it eans 2000000 mounthly overloaded with 991 tasks
[2026-09-03T10:11:56.512Z] [AGENT-OVERLOAD] Agent Autonomous Agent overloaded with 991 tasks
[2026-09-03T10:11:56.512Z] [CYCLE] Operational cycle 53 complete (1:11:56 PM)
[2026-09-03T10:12:06.133Z] [METRICS] Cycles: 53, Tasks: 12, Decisions: 342, Uptime: 540s
[2026-09-03T10:12:06.233Z] [OPTIMIZATION] Resource optimization improved to 100.0%
[2026-09-03T10:12:06.526Z] [DECISION] Plan carefully, then execute (Context: System load increasing, Risk: medium, Urgency: normal)
[2026-09-03T10:12:06.526Z] [AGENT-OVERLOAD] Agent order fulfillment overloaded with 16199 tasks
[2026-09-03T10:12:06.527Z] [AGENT-OVERLOAD] Agent 11 overloaded with 16199 tasks
[2026-09-03T10:12:06.527Z] [AGENT-OVERLOAD] Agent trading bot overloaded with 16198 tasks
[2026-09-03T10:12:06.527Z] [AGENT-OVERLOAD] Agent dropshiping make sue it eans 2000000 mounthly overloaded with 991 tasks
[2026-09-03T10:12:06.528Z] [AGENT-OVERLOAD] Agent Autonomous Agent overloaded with 991 tasks
[2026-09-03T10:12:06.528Z] [CYCLE] Operational cycle 54 complete (1:12:06 PM)
[2026-09-03T10:12:16.532Z] [DECISION] Plan carefully, then execute (Context: System load increasing, Risk: medium, Urgency: normal)
[2026-09-03T10:12:16.532Z] [AGENT-OVERLOAD] Agent order fulfillment overloaded with 16199 tasks
[2026-09-03T10:12:16.533Z] [AGENT-OVERLOAD] Agent 11 overloaded with 16199 tasks
[2026-09-03T10:12:16.533Z] [AGENT-OVERLOAD] Agent trading bot overloaded with 16198 tasks
[2026-09-03T10:12:16.534Z] [AGENT-OVERLOAD] Agent dropshiping make sue it eans 2000000 mounthly overloaded with 991 tasks
[2026-09-03T10:12:16.534Z] [AGENT-OVERLOAD] Agent Autonomous Agent overloaded with 991 tasks
[2026-09-03T10:12:16.534Z] [CYCLE] Operational cycle 55 complete (1:12:16 PM)
[2026-09-03T10:12:26.551Z] [DECISION] Plan carefully, then execute (Context: Operational efficiency trending down, Risk: medium, Urgency: normal)
[2026-09-03T10:12:26.552Z] [AGENT-OVERLOAD] Agent order fulfillment overloaded with 16199 tasks
[2026-09-03T10:12:26.552Z] [AGENT-OVERLOAD] Agent 11 overloaded with 16199 tasks
[2026-09-03T10:12:26.553Z] [AGENT-OVERLOAD] Agent trading bot overloaded with 16198 tasks
[2026-09-03T10:12:26.553Z] [AGENT-OVERLOAD] Agent dropshiping make sue it eans 2000000 mounthly overloaded with 991 tasks
[2026-09-03T10:12:26.554Z] [AGENT-OVERLOAD] Agent Autonomous Agent overloaded with 991 tasks
[2026-09-03T10:12:26.554Z] [CYCLE] Operational cycle 56 complete (1:12:26 PM)
[2026-09-03T10:12:36.234Z] [OPTIMIZATION] Resource optimization improved to 100.0%
[2026-09-03T10:12:36.550Z] [DECISION] Plan carefully, then execute (Context: New pattern detected in operations, Risk: medium, Urgency: normal)
[2026-09-03T10:12:36.551Z] [AGENT-OVERLOAD] Agent order fulfillment overloaded with 16199 tasks
[2026-09-03T10:12:36.551Z] [AGENT-OVERLOAD] Agent 11 overloaded with 16199 tasks
[2026-09-03T10:12:36.552Z] [AGENT-OVERLOAD] Agent trading bot overloaded with 16198 tasks
[2026-09-03T10:12:36.552Z] [AGENT-OVERLOAD] Agent dropshiping make sue it eans 2000000 mounthly overloaded with 991 tasks
[2026-09-03T10:12:36.553Z] [AGENT-OVERLOAD] Agent Autonomous Agent overloaded with 991 tasks
[2026-09-03T10:12:36.553Z] [CYCLE] Operational cycle 57 complete (1:12:36 PM)
[2026-09-03T10:12:46.551Z] [DECISION] Plan carefully, then execute (Context: Operational efficiency trending down, Risk: medium, Urgency: normal)
[2026-09-03T10:12:46.551Z] [AGENT-OVERLOAD] Agent order fulfillment overloaded with 16199 tasks
[2026-09-03T10:12:46.552Z] [AGENT-OVERLOAD] Agent 11 overloaded with 16199 tasks
[2026-09-03T10:12:46.552Z] [AGENT-OVERLOAD] Agent trading bot overloaded with 16198 tasks
[2026-09-03T10:12:46.555Z] [AGENT-OVERLOAD] Agent dropshiping make sue it eans 2000000 mounthly overloaded with 991 tasks
[2026-09-03T10:12:46.556Z] [AGENT-OVERLOAD] Agent Autonomous Agent overloaded with 991 tasks
[2026-09-03T10:12:46.556Z] [CYCLE] Operational cycle 58 complete (1:12:46 PM)
[2026-09-03T10:12:56.552Z] [DECISION] Plan carefully, then execute (Context: Operational efficiency trending down, Risk: medium, Urgency: normal)
[2026-09-03T10:12:56.553Z] [AGENT-OVERLOAD] Agent order fulfillment overloaded with 16199 tasks
[2026-09-03T10:12:56.553Z] [AGENT-OVERLOAD] Agent 11 overloaded with 16199 tasks
[2026-09-03T10:12:56.554Z] [AGENT-OVERLOAD] Agent trading bot overloaded with 16198 tasks
[2026-09-03T10:12:56.554Z] [AGENT-OVERLOAD] Agent dropshiping make sue it eans 2000000 mounthly overloaded with 991 tasks
[2026-09-03T10:12:56.554Z] [AGENT-OVERLOAD] Agent Autonomous Agent overloaded with 991 tasks
[2026-09-03T10:12:56.555Z] [CYCLE] Operational cycle 59 complete (1:12:56 PM)
[2026-09-03T10:13:06.140Z] [METRICS] Cycles: 59, Tasks: 12, Decisions: 348, Uptime: 600s
[2026-09-03T10:13:06.259Z] [OPTIMIZATION] Resource optimization improved to 100.0%
[2026-09-03T10:13:06.614Z] [DECISION] Plan carefully, then execute (Context: Operational efficiency trending down, Risk: medium, Urgency: normal)
[2026-09-03T10:13:06.623Z] [AGENT-OVERLOAD] Agent order fulfillment overloaded with 16199 tasks
[2026-09-03T10:13:06.625Z] [AGENT-OVERLOAD] Agent 11 overloaded with 16199 tasks
[2026-09-03T10:13:06.636Z] [AGENT-OVERLOAD] Agent trading bot overloaded with 16198 tasks
[2026-09-03T10:13:06.639Z] [AGENT-OVERLOAD] Agent dropshiping make sue it eans 2000000 mounthly overloaded with 991 tasks
[2026-09-03T10:13:06.641Z] [AGENT-OVERLOAD] Agent Autonomous Agent overloaded with 991 tasks
[2026-09-03T10:13:06.643Z] [CYCLE] Operational cycle 60 complete (1:13:06 PM)
[2026-09-03T10:13:16.621Z] [DECISION] Plan carefully, then execute (Context: Resource allocation needs optimization, Risk: medium, Urgency: normal)
[2026-09-03T10:13:16.622Z] [AGENT-OVERLOAD] Agent order fulfillment overloaded with 16199 tasks
[2026-09-03T10:13:16.624Z] [AGENT-OVERLOAD] Agent 11 overloaded with 16199 tasks
[2026-09-03T10:13:16.625Z] [AGENT-OVERLOAD] Agent trading bot overloaded with 16198 tasks
[2026-09-03T10:13:16.625Z] [AGENT-OVERLOAD] Agent dropshiping make sue it eans 2000000 mounthly overloaded with 991 tasks
[2026-09-03T10:13:16.626Z] [AGENT-OVERLOAD] Agent Autonomous Agent overloaded with 991 tasks
[2026-09-03T10:13:16.626Z] [CYCLE] Operational cycle 61 complete (1:13:16 PM)
[2026-09-03T10:13:26.634Z] [DECISION] Plan carefully, then execute (Context: Resource allocation needs optimization, Risk: medium, Urgency: normal)
[2026-09-03T10:13:26.634Z] [AGENT-OVERLOAD] Agent order fulfillment overloaded with 16199 tasks
[2026-09-03T10:13:26.635Z] [AGENT-OVERLOAD] Agent 11 overloaded with 16199 tasks
[2026-09-03T10:13:26.635Z] [AGENT-OVERLOAD] Agent trading bot overloaded with 16198 tasks
[2026-09-03T10:13:26.636Z] [AGENT-OVERLOAD] Agent dropshiping make sue it eans 2000000 mounthly overloaded with 991 tasks
[2026-09-03T10:13:26.636Z] [AGENT-OVERLOAD] Agent Autonomous Agent overloaded with 991 tasks
[2026-09-03T10:13:26.636Z] [CYCLE] Operational cycle 62 complete (1:13:26 PM)
[2026-09-03T10:13:36.270Z] [OPTIMIZATION] Resource optimization improved to 100.0%
[2026-09-03T10:13:36.638Z] [DECISION] Plan carefully, then execute (Context: System load increasing, Risk: medium, Urgency: normal)
[2026-09-03T10:13:36.640Z] [AGENT-OVERLOAD] Agent order fulfillment overloaded with 16199 tasks
[2026-09-03T10:13:36.640Z] [AGENT-OVERLOAD] Agent 11 overloaded with 16199 tasks
[2026-09-03T10:13:36.641Z] [AGENT-OVERLOAD] Agent trading bot overloaded with 16198 tasks
[2026-09-03T10:13:36.641Z] [AGENT-OVERLOAD] Agent dropshiping make sue it eans 2000000 mounthly overloaded with 991 tasks
[2026-09-03T10:13:36.641Z] [AGENT-OVERLOAD] Agent Autonomous Agent overloaded with 991 tasks
[2026-09-03T10:13:36.642Z] [CYCLE] Operational cycle 63 complete (1:13:36 PM)
[2026-09-03T10:13:46.640Z] [DECISION] Plan carefully, then execute (Context: System load increasing, Risk: medium, Urgency: normal)
[2026-09-03T10:13:46.640Z] [AGENT-OVERLOAD] Agent order fulfillment overloaded with 16199 tasks
[2026-09-03T10:13:46.641Z] [AGENT-OVERLOAD] Agent 11 overloaded with 16199 tasks
[2026-09-03T10:13:46.641Z] [AGENT-OVERLOAD] Agent trading bot overloaded with 16198 tasks
[2026-09-03T10:13:46.642Z] [AGENT-OVERLOAD] Agent dropshiping make sue it eans 2000000 mounthly overloaded with 991 tasks
[2026-09-03T10:13:46.642Z] [AGENT-OVERLOAD] Agent Autonomous Agent overloaded with 991 tasks
[2026-09-03T10:13:46.643Z] [CYCLE] Operational cycle 64 complete (1:13:46 PM)
[2026-09-03T10:13:56.651Z] [DECISION] Plan carefully, then execute (Context: Resource allocation needs optimization, Risk: medium, Urgency: normal)
[2026-09-03T10:13:56.651Z] [AGENT-OVERLOAD] Agent order fulfillment overloaded with 16199 tasks
[2026-09-03T10:13:56.652Z] [AGENT-OVERLOAD] Agent 11 overloaded with 16199 tasks
[2026-09-03T10:13:56.652Z] [AGENT-OVERLOAD] Agent trading bot overloaded with 16198 tasks
[2026-09-03T10:13:56.652Z] [AGENT-OVERLOAD] Agent dropshiping make sue it eans 2000000 mounthly overloaded with 991 tasks
[2026-09-03T10:13:56.653Z] [AGENT-OVERLOAD] Agent Autonomous Agent overloaded with 991 tasks
[2026-09-03T10:13:56.653Z] [CYCLE] Operational cycle 65 complete (1:13:56 PM)
[2026-09-03T10:14:06.149Z] [METRICS] Cycles: 65, Tasks: 12, Decisions: 354, Uptime: 660s
[2026-09-03T10:14:06.272Z] [OPTIMIZATION] Resource optimization improved to 100.0%
[2026-09-03T10:14:06.653Z] [DECISION] Plan carefully, then execute (Context: System load increasing, Risk: medium, Urgency: normal)
[2026-09-03T10:14:06.653Z] [AGENT-OVERLOAD] Agent order fulfillment overloaded with 16199 tasks
[2026-09-03T10:14:06.654Z] [AGENT-OVERLOAD] Agent 11 overloaded with 16199 tasks
[2026-09-03T10:14:06.654Z] [AGENT-OVERLOAD] Agent trading bot overloaded with 16198 tasks
[2026-09-03T10:14:06.655Z] [AGENT-OVERLOAD] Agent dropshiping make sue it eans 2000000 mounthly overloaded with 991 tasks
[2026-09-03T10:14:06.655Z] [AGENT-OVERLOAD] Agent Autonomous Agent overloaded with 991 tasks
[2026-09-03T10:14:06.656Z] [CYCLE] Operational cycle 66 complete (1:14:06 PM)
[2026-09-03T10:14:16.655Z] [DECISION] Plan carefully, then execute (Context: New pattern detected in operations, Risk: medium, Urgency: normal)
[2026-09-03T10:14:16.655Z] [AGENT-OVERLOAD] Agent order fulfillment overloaded with 16199 tasks
[2026-09-03T10:14:16.656Z] [AGENT-OVERLOAD] Agent 11 overloaded with 16199 tasks
[2026-09-03T10:14:16.656Z] [AGENT-OVERLOAD] Agent trading bot overloaded with 16198 tasks
[2026-09-03T10:14:16.657Z] [AGENT-OVERLOAD] Agent dropshiping make sue it eans 2000000 mounthly overloaded with 991 tasks
[2026-09-03T10:14:16.657Z] [AGENT-OVERLOAD] Agent Autonomous Agent overloaded with 991 tasks
[2026-09-03T10:14:16.657Z] [CYCLE] Operational cycle 67 complete (1:14:16 PM)
[2026-09-03T10:14:26.654Z] [DECISION] Plan carefully, then execute (Context: New pattern detected in operations, Risk: medium, Urgency: normal)
[2026-09-03T10:14:26.654Z] [AGENT-OVERLOAD] Agent order fulfillment overloaded with 16199 tasks
[2026-09-03T10:14:26.655Z] [AGENT-OVERLOAD] Agent 11 overloaded with 16199 tasks
[2026-09-03T10:14:26.655Z] [AGENT-OVERLOAD] Agent trading bot overloaded with 16198 tasks
[2026-09-03T10:14:26.656Z] [AGENT-OVERLOAD] Agent dropshiping make sue it eans 2000000 mounthly overloaded with 991 tasks
[2026-09-03T10:14:26.656Z] [AGENT-OVERLOAD] Agent Autonomous Agent overloaded with 991 tasks
[2026-09-03T10:14:26.658Z] [CYCLE] Operational cycle 68 complete (1:14:26 PM)
[2026-09-03T10:14:36.285Z] [OPTIMIZATION] Resource optimization improved to 100.0%
[2026-09-03T10:14:36.657Z] [DECISION] Plan carefully, then execute (Context: System load increasing, Risk: medium, Urgency: normal)
[2026-09-03T10:14:36.658Z] [AGENT-OVERLOAD] Agent order fulfillment overloaded with 16199 tasks
[2026-09-03T10:14:36.658Z] [AGENT-OVERLOAD] Agent 11 overloaded with 16199 tasks
[2026-09-03T10:14:36.659Z] [AGENT-OVERLOAD] Agent trading bot overloaded with 16198 tasks
[2026-09-03T10:14:36.660Z] [AGENT-OVERLOAD] Agent dropshiping make sue it eans 2000000 mounthly overloaded with 991 tasks
[2026-09-03T10:14:36.660Z] [AGENT-OVERLOAD] Agent Autonomous Agent overloaded with 991 tasks
[2026-09-03T10:14:36.661Z] [CYCLE] Operational cycle 69 complete (1:14:36 PM)
[2026-09-03T10:14:46.670Z] [DECISION] Plan carefully, then execute (Context: New pattern detected in operations, Risk: medium, Urgency: normal)
[2026-09-03T10:14:46.672Z] [AGENT-OVERLOAD] Agent order fulfillment overloaded with 16199 tasks
[2026-09-03T10:14:46.673Z] [AGENT-OVERLOAD] Agent 11 overloaded with 16199 tasks
[2026-09-03T10:14:46.674Z] [AGENT-OVERLOAD] Agent trading bot overloaded with 16198 tasks
[2026-09-03T10:14:46.676Z] [AGENT-OVERLOAD] Agent dropshiping make sue it eans 2000000 mounthly overloaded with 991 tasks
[2026-09-03T10:14:46.678Z] [AGENT-OVERLOAD] Agent Autonomous Agent overloaded with 991 tasks
[2026-09-03T10:14:46.679Z] [CYCLE] Operational cycle 70 complete (1:14:46 PM)
[2026-09-03T10:14:56.672Z] [DECISION] Plan carefully, then execute (Context: Operational efficiency trending down, Risk: medium, Urgency: normal)
[2026-09-03T10:14:56.673Z] [AGENT-OVERLOAD] Agent order fulfillment overloaded with 16199 tasks
[2026-09-03T10:14:56.673Z] [AGENT-OVERLOAD] Agent 11 overloaded with 16199 tasks
[2026-09-03T10:14:56.673Z] [AGENT-OVERLOAD] Agent trading bot overloaded with 16198 tasks
[2026-09-03T10:14:56.674Z] [AGENT-OVERLOAD] Agent dropshiping make sue it eans 2000000 mounthly overloaded with 991 tasks
[2026-09-03T10:14:56.674Z] [AGENT-OVERLOAD] Agent Autonomous Agent overloaded with 991 tasks
[2026-09-03T10:14:56.675Z] [CYCLE] Operational cycle 71 complete (1:14:56 PM)
[2026-09-03T10:15:06.303Z] [METRICS] Cycles: 71, Tasks: 12, Decisions: 360, Uptime: 720s
[2026-09-03T10:15:06.310Z] [OPTIMIZATION] Resource optimization improved to 100.0%
[2026-09-03T10:15:07.025Z] [DECISION] Plan carefully, then execute (Context: Resource allocation needs optimization, Risk: medium, Urgency: normal)
[2026-09-03T10:15:07.029Z] [AGENT-OVERLOAD] Agent order fulfillment overloaded with 16199 tasks
[2026-09-03T10:15:07.039Z] [AGENT-OVERLOAD] Agent 11 overloaded with 16199 tasks
[2026-09-03T10:15:07.052Z] [AGENT-OVERLOAD] Agent trading bot overloaded with 16198 tasks
[2026-09-03T10:15:07.059Z] [AGENT-OVERLOAD] Agent dropshiping make sue it eans 2000000 mounthly overloaded with 991 tasks
[2026-09-03T10:15:07.064Z] [AGENT-OVERLOAD] Agent Autonomous Agent overloaded with 991 tasks
[2026-09-03T10:15:07.072Z] [CYCLE] Operational cycle 72 complete (1:15:06 PM)
[2026-09-03T10:15:16.973Z] [DECISION] Plan carefully, then execute (Context: Resource allocation needs optimization, Risk: medium, Urgency: normal)
[2026-09-03T10:15:16.973Z] [AGENT-OVERLOAD] Agent order fulfillment overloaded with 16199 tasks
[2026-09-03T10:15:16.974Z] [AGENT-OVERLOAD] Agent 11 overloaded with 16199 tasks
[2026-09-03T10:15:16.974Z] [AGENT-OVERLOAD] Agent trading bot overloaded with 16198 tasks
[2026-09-03T10:15:16.975Z] [AGENT-OVERLOAD] Agent dropshiping make sue it eans 2000000 mounthly overloaded with 991 tasks
[2026-09-03T10:15:16.976Z] [AGENT-OVERLOAD] Agent Autonomous Agent overloaded with 991 tasks
[2026-09-03T10:15:16.976Z] [CYCLE] Operational cycle 73 complete (1:15:16 PM)
[2026-09-03T10:15:26.977Z] [DECISION] Plan carefully, then execute (Context: System load increasing, Risk: medium, Urgency: normal)
[2026-09-03T10:15:26.977Z] [AGENT-OVERLOAD] Agent order fulfillment overloaded with 16199 tasks
[2026-09-03T10:15:26.978Z] [AGENT-OVERLOAD] Agent 11 overloaded with 16199 tasks
[2026-09-03T10:15:26.979Z] [AGENT-OVERLOAD] Agent trading bot overloaded with 16198 tasks
[2026-09-03T10:15:26.979Z] [AGENT-OVERLOAD] Agent dropshiping make sue it eans 2000000 mounthly overloaded with 991 tasks
[2026-09-03T10:15:26.980Z] [AGENT-OVERLOAD] Agent Autonomous Agent overloaded with 991 tasks
[2026-09-03T10:15:26.980Z] [CYCLE] Operational cycle 74 complete (1:15:26 PM)
[2026-09-03T10:15:36.321Z] [OPTIMIZATION] Resource optimization improved to 100.0%
[2026-09-03T10:15:36.995Z] [DECISION] Plan carefully, then execute (Context: Resource allocation needs optimization, Risk: medium, Urgency: normal)
[2026-09-03T10:15:36.995Z] [AGENT-OVERLOAD] Agent order fulfillment overloaded with 16199 tasks
[2026-09-03T10:15:36.996Z] [AGENT-OVERLOAD] Agent 11 overloaded with 16199 tasks
[2026-09-03T10:15:36.996Z] [AGENT-OVERLOAD] Agent trading bot overloaded with 16198 tasks
[2026-09-03T10:15:36.997Z] [AGENT-OVERLOAD] Agent dropshiping make sue it eans 2000000 mounthly overloaded with 991 tasks
[2026-09-03T10:15:36.997Z] [AGENT-OVERLOAD] Agent Autonomous Agent overloaded with 991 tasks
[2026-09-03T10:15:37.003Z] [CYCLE] Operational cycle 75 complete (1:15:36 PM)
[2026-09-03T10:15:47.011Z] [DECISION] Plan carefully, then execute (Context: Operational efficiency trending down, Risk: medium, Urgency: normal)
[2026-09-03T10:15:47.013Z] [AGENT-OVERLOAD] Agent order fulfillment overloaded with 16199 tasks
[2026-09-03T10:15:47.014Z] [AGENT-OVERLOAD] Agent 11 overloaded with 16199 tasks
[2026-09-03T10:15:47.015Z] [AGENT-OVERLOAD] Agent trading bot overloaded with 16198 tasks
[2026-09-03T10:15:47.016Z] [AGENT-OVERLOAD] Agent dropshiping make sue it eans 2000000 mounthly overloaded with 991 tasks
[2026-09-03T10:15:47.018Z] [AGENT-OVERLOAD] Agent Autonomous Agent overloaded with 991 tasks
[2026-09-03T10:15:47.020Z] [CYCLE] Operational cycle 76 complete (1:15:47 PM)
[2026-09-03T10:15:57.026Z] [DECISION] Plan carefully, then execute (Context: System load increasing, Risk: medium, Urgency: normal)
[2026-09-03T10:15:57.027Z] [AGENT-OVERLOAD] Agent order fulfillment overloaded with 16199 tasks
[2026-09-03T10:15:57.027Z] [AGENT-OVERLOAD] Agent 11 overloaded with 16199 tasks
[2026-09-03T10:15:57.028Z] [AGENT-OVERLOAD] Agent trading bot overloaded with 16198 tasks
[2026-09-03T10:15:57.029Z] [AGENT-OVERLOAD] Agent dropshiping make sue it eans 2000000 mounthly overloaded with 991 tasks
[2026-09-03T10:15:57.030Z] [AGENT-OVERLOAD] Agent Autonomous Agent overloaded with 991 tasks
[2026-09-03T10:15:57.030Z] [CYCLE] Operational cycle 77 complete (1:15:57 PM)
[2026-09-03T10:16:06.234Z] [METRICS] Cycles: 77, Tasks: 12, Decisions: 366, Uptime: 780s
[2026-09-03T10:16:06.327Z] [OPTIMIZATION] Resource optimization improved to 100.0%
[2026-09-03T10:16:07.028Z] [DECISION] Plan carefully, then execute (Context: Operational efficiency trending down, Risk: medium, Urgency: normal)
[2026-09-03T10:16:07.029Z] [AGENT-OVERLOAD] Agent order fulfillment overloaded with 16199 tasks
[2026-09-03T10:16:07.036Z] [AGENT-OVERLOAD] Agent 11 overloaded with 16199 tasks
[2026-09-03T10:16:07.038Z] [AGENT-OVERLOAD] Agent trading bot overloaded with 16198 tasks
[2026-09-03T10:16:07.039Z] [AGENT-OVERLOAD] Agent dropshiping make sue it eans 2000000 mounthly overloaded with 991 tasks
[2026-09-03T10:16:07.039Z] [AGENT-OVERLOAD] Agent Autonomous Agent overloaded with 991 tasks
[2026-09-03T10:16:07.040Z] [CYCLE] Operational cycle 78 complete (1:16:07 PM)
[2026-09-03T10:16:17.037Z] [DECISION] Plan carefully, then execute (Context: Resource allocation needs optimization, Risk: medium, Urgency: normal)
[2026-09-03T10:16:17.038Z] [AGENT-OVERLOAD] Agent order fulfillment overloaded with 16199 tasks
[2026-09-03T10:16:17.039Z] [AGENT-OVERLOAD] Agent 11 overloaded with 16199 tasks
[2026-09-03T10:16:17.040Z] [AGENT-OVERLOAD] Agent trading bot overloaded with 16198 tasks
[2026-09-03T10:16:17.041Z] [AGENT-OVERLOAD] Agent dropshiping make sue it eans 2000000 mounthly overloaded with 991 tasks
[2026-09-03T10:16:17.041Z] [AGENT-OVERLOAD] Agent Autonomous Agent overloaded with 991 tasks
[2026-09-03T10:16:17.042Z] [CYCLE] Operational cycle 79 complete (1:16:17 PM)
[2026-09-03T10:16:27.046Z] [DECISION] Plan carefully, then execute (Context: New pattern detected in operations, Risk: medium, Urgency: normal)
[2026-09-03T10:16:27.047Z] [AGENT-OVERLOAD] Agent order fulfillment overloaded with 16199 tasks
[2026-09-03T10:16:27.047Z] [AGENT-OVERLOAD] Agent 11 overloaded with 16199 tasks
[2026-09-03T10:16:27.050Z] [AGENT-OVERLOAD] Agent trading bot overloaded with 16198 tasks
[2026-09-03T10:16:27.052Z] [AGENT-OVERLOAD] Agent dropshiping make sue it eans 2000000 mounthly overloaded with 991 tasks
[2026-09-03T10:16:27.052Z] [AGENT-OVERLOAD] Agent Autonomous Agent overloaded with 991 tasks
[2026-09-03T10:16:27.053Z] [CYCLE] Operational cycle 80 complete (1:16:27 PM)
[2026-09-03T10:16:36.332Z] [OPTIMIZATION] Resource optimization improved to 100.0%
[2026-09-03T10:16:37.062Z] [DECISION] Plan carefully, then execute (Context: Resource allocation needs optimization, Risk: medium, Urgency: normal)
[2026-09-03T10:16:37.063Z] [AGENT-OVERLOAD] Agent order fulfillment overloaded with 16199 tasks
[2026-09-03T10:16:37.063Z] [AGENT-OVERLOAD] Agent 11 overloaded with 16199 tasks
[2026-09-03T10:16:37.064Z] [AGENT-OVERLOAD] Agent trading bot overloaded with 16198 tasks
[2026-09-03T10:16:37.065Z] [AGENT-OVERLOAD] Agent dropshiping make sue it eans 2000000 mounthly overloaded with 991 tasks
[2026-09-03T10:16:37.079Z] [AGENT-OVERLOAD] Agent Autonomous Agent overloaded with 991 tasks
[2026-09-03T10:16:37.084Z] [CYCLE] Operational cycle 81 complete (1:16:37 PM)
[2026-09-03T10:16:47.072Z] [DECISION] Plan carefully, then execute (Context: Resource allocation needs optimization, Risk: medium, Urgency: normal)
[2026-09-03T10:16:47.073Z] [AGENT-OVERLOAD] Agent order fulfillment overloaded with 16199 tasks
[2026-09-03T10:16:47.075Z] [AGENT-OVERLOAD] Agent 11 overloaded with 16199 tasks
[2026-09-03T10:16:47.076Z] [AGENT-OVERLOAD] Agent trading bot overloaded with 16198 tasks
[2026-09-03T10:16:47.077Z] [AGENT-OVERLOAD] Agent dropshiping make sue it eans 2000000 mounthly overloaded with 991 tasks
[2026-09-03T10:16:47.079Z] [AGENT-OVERLOAD] Agent Autonomous Agent overloaded with 991 tasks
[2026-09-03T10:16:47.080Z] [CYCLE] Operational cycle 82 complete (1:16:47 PM)
[2026-09-03T10:16:57.080Z] [DECISION] Plan carefully, then execute (Context: Operational efficiency trending down, Risk: medium, Urgency: normal)
[2026-09-03T10:16:57.084Z] [AGENT-OVERLOAD] Agent order fulfillment overloaded with 16199 tasks
[2026-09-03T10:16:57.089Z] [AGENT-OVERLOAD] Agent 11 overloaded with 16199 tasks
[2026-09-03T10:16:57.094Z] [AGENT-OVERLOAD] Agent trading bot overloaded with 16198 tasks
[2026-09-03T10:16:57.096Z] [AGENT-OVERLOAD] Agent dropshiping make sue it eans 2000000 mounthly overloaded with 991 tasks
[2026-09-03T10:16:57.102Z] [AGENT-OVERLOAD] Agent Autonomous Agent overloaded with 991 tasks
[2026-09-03T10:16:57.109Z] [CYCLE] Operational cycle 83 complete (1:16:57 PM)
[2026-09-03T10:17:06.252Z] [METRICS] Cycles: 83, Tasks: 12, Decisions: 372, Uptime: 840s
[2026-09-03T10:17:06.337Z] [OPTIMIZATION] Resource optimization improved to 100.0%
[2026-09-03T10:17:07.085Z] [DECISION] Plan carefully, then execute (Context: Operational efficiency trending down, Risk: medium, Urgency: normal)
[2026-09-03T10:17:07.086Z] [AGENT-OVERLOAD] Agent order fulfillment overloaded with 16199 tasks
[2026-09-03T10:17:07.087Z] [AGENT-OVERLOAD] Agent 11 overloaded with 16199 tasks
[2026-09-03T10:17:07.087Z] [AGENT-OVERLOAD] Agent trading bot overloaded with 16198 tasks
[2026-09-03T10:17:07.088Z] [AGENT-OVERLOAD] Agent dropshiping make sue it eans 2000000 mounthly overloaded with 991 tasks
[2026-09-03T10:17:07.088Z] [AGENT-OVERLOAD] Agent Autonomous Agent overloaded with 991 tasks
[2026-09-03T10:17:07.089Z] [CYCLE] Operational cycle 84 complete (1:17:07 PM)
[2026-09-03T10:17:17.097Z] [DECISION] Plan carefully, then execute (Context: Operational efficiency trending down, Risk: medium, Urgency: normal)
[2026-09-03T10:17:17.102Z] [AGENT-OVERLOAD] Agent order fulfillment overloaded with 16199 tasks
[2026-09-03T10:17:17.104Z] [AGENT-OVERLOAD] Agent 11 overloaded with 16199 tasks
[2026-09-03T10:17:17.106Z] [AGENT-OVERLOAD] Agent trading bot overloaded with 16198 tasks
[2026-09-03T10:17:17.109Z] [AGENT-OVERLOAD] Agent dropshiping make sue it eans 2000000 mounthly overloaded with 991 tasks
[2026-09-03T10:17:17.111Z] [AGENT-OVERLOAD] Agent Autonomous Agent overloaded with 991 tasks
[2026-09-03T10:17:17.113Z] [CYCLE] Operational cycle 85 complete (1:17:17 PM)
[2026-09-03T10:17:27.102Z] [DECISION] Plan carefully, then execute (Context: System load increasing, Risk: medium, Urgency: normal)
[2026-09-03T10:17:27.103Z] [AGENT-OVERLOAD] Agent order fulfillment overloaded with 16199 tasks
[2026-09-03T10:17:27.104Z] [AGENT-OVERLOAD] Agent 11 overloaded with 16199 tasks
[2026-09-03T10:17:27.104Z] [AGENT-OVERLOAD] Agent trading bot overloaded with 16198 tasks
[2026-09-03T10:17:27.105Z] [AGENT-OVERLOAD] Agent dropshiping make sue it eans 2000000 mounthly overloaded with 991 tasks
[2026-09-03T10:17:27.105Z] [AGENT-OVERLOAD] Agent Autonomous Agent overloaded with 991 tasks
[2026-09-03T10:17:27.106Z] [CYCLE] Operational cycle 86 complete (1:17:27 PM)
[2026-09-03T10:17:36.353Z] [OPTIMIZATION] Resource optimization improved to 100.0%
[2026-09-03T10:17:37.111Z] [DECISION] Plan carefully, then execute (Context: Resource allocation needs optimization, Risk: medium, Urgency: normal)
[2026-09-03T10:17:37.113Z] [AGENT-OVERLOAD] Agent order fulfillment overloaded with 16199 tasks
[2026-09-03T10:17:37.115Z] [AGENT-OVERLOAD] Agent 11 overloaded with 16199 tasks
[2026-09-03T10:17:37.123Z] [AGENT-OVERLOAD] Agent trading bot overloaded with 16198 tasks
[2026-09-03T10:17:37.128Z] [AGENT-OVERLOAD] Agent dropshiping make sue it eans 2000000 mounthly overloaded with 991 tasks
[2026-09-03T10:17:37.130Z] [AGENT-OVERLOAD] Agent Autonomous Agent overloaded with 991 tasks
[2026-09-03T10:17:37.132Z] [CYCLE] Operational cycle 87 complete (1:17:37 PM)
[2026-09-03T10:17:47.121Z] [DECISION] Plan carefully, then execute (Context: New pattern detected in operations, Risk: medium, Urgency: normal)
[2026-09-03T10:17:47.122Z] [AGENT-OVERLOAD] Agent order fulfillment overloaded with 16199 tasks
[2026-09-03T10:17:47.123Z] [AGENT-OVERLOAD] Agent 11 overloaded with 16199 tasks
[2026-09-03T10:17:47.123Z] [AGENT-OVERLOAD] Agent trading bot overloaded with 16198 tasks
[2026-09-03T10:17:47.124Z] [AGENT-OVERLOAD] Agent dropshiping make sue it eans 2000000 mounthly overloaded with 991 tasks
[2026-09-03T10:17:47.125Z] [AGENT-OVERLOAD] Agent Autonomous Agent overloaded with 991 tasks
[2026-09-03T10:17:47.125Z] [CYCLE] Operational cycle 88 complete (1:17:47 PM)
[2026-09-03T10:17:54.127Z] [LEARNING] Auto-adapted to performance drop
[2026-09-03T10:17:57.128Z] [DECISION] Plan carefully, then execute (Context: System load increasing, Risk: medium, Urgency: normal)
[2026-09-03T10:17:57.129Z] [AGENT-OVERLOAD] Agent order fulfillment overloaded with 16199 tasks
[2026-09-03T10:17:57.129Z] [AGENT-OVERLOAD] Agent 11 overloaded with 16199 tasks
[2026-09-03T10:17:57.130Z] [AGENT-OVERLOAD] Agent trading bot overloaded with 16198 tasks
[2026-09-03T10:17:57.131Z] [AGENT-OVERLOAD] Agent dropshiping make sue it eans 2000000 mounthly overloaded with 991 tasks
[2026-09-03T10:17:57.131Z] [AGENT-OVERLOAD] Agent Autonomous Agent overloaded with 991 tasks
[2026-09-03T10:17:57.132Z] [CYCLE] Operational cycle 89 complete (1:17:57 PM)
[2026-09-03T10:17:59.137Z] [LEARNING] Auto-adapted to performance drop
[2026-09-03T10:18:06.270Z] [METRICS] Cycles: 89, Tasks: 12, Decisions: 378, Uptime: 900s
[2026-09-03T10:18:06.360Z] [OPTIMIZATION] Resource optimization improved to 100.0%
[2026-09-03T10:18:06.739Z] [LEARNING] Chat input: wat can u do
[2026-09-03T10:18:07.139Z] [DECISION] Plan carefully, then execute (Context: Operational efficiency trending down, Risk: medium, Urgency: normal)
[2026-09-03T10:18:07.140Z] [AGENT-OVERLOAD] Agent order fulfillment overloaded with 16199 tasks
[2026-09-03T10:18:07.141Z] [AGENT-OVERLOAD] Agent 11 overloaded with 16199 tasks
[2026-09-03T10:18:07.143Z] [AGENT-OVERLOAD] Agent trading bot overloaded with 16198 tasks
[2026-09-03T10:18:07.144Z] [AGENT-OVERLOAD] Agent dropshiping make sue it eans 2000000 mounthly overloaded with 991 tasks
[2026-09-03T10:18:07.145Z] [AGENT-OVERLOAD] Agent Autonomous Agent overloaded with 991 tasks
[2026-09-03T10:18:07.147Z] [CYCLE] Operational cycle 90 complete (1:18:07 PM)
[2026-09-03T10:18:17.143Z] [DECISION] Plan carefully, then execute (Context: Resource allocation needs optimization, Risk: medium, Urgency: normal)
[2026-09-03T10:18:17.144Z] [AGENT-OVERLOAD] Agent order fulfillment overloaded with 16199 tasks
[2026-09-03T10:18:17.147Z] [AGENT-OVERLOAD] Agent 11 overloaded with 16199 tasks
[2026-09-03T10:18:17.149Z] [AGENT-OVERLOAD] Agent trading bot overloaded with 16198 tasks
[2026-09-03T10:18:17.152Z] [AGENT-OVERLOAD] Agent dropshiping make sue it eans 2000000 mounthly overloaded with 991 tasks
[2026-09-03T10:18:17.155Z] [AGENT-OVERLOAD] Agent Autonomous Agent overloaded with 991 tasks
[2026-09-03T10:18:17.159Z] [CYCLE] Operational cycle 91 complete (1:18:17 PM)
[2026-09-03T10:18:20.525Z] [LEARNING] Chat input: help" for all commands
[2026-09-03T10:18:27.157Z] [DECISION] Plan carefully, then execute (Context: New pattern detected in operations, Risk: medium, Urgency: normal)
[2026-09-03T10:18:27.159Z] [AGENT-OVERLOAD] Agent order fulfillment overloaded with 16199 tasks
[2026-09-03T10:18:27.162Z] [AGENT-OVERLOAD] Agent 11 overloaded with 16199 tasks
[2026-09-03T10:18:27.164Z] [AGENT-OVERLOAD] Agent trading bot overloaded with 16198 tasks
[2026-09-03T10:18:27.167Z] [AGENT-OVERLOAD] Agent dropshiping make sue it eans 2000000 mounthly overloaded with 991 tasks
[2026-09-03T10:18:27.169Z] [AGENT-OVERLOAD] Agent Autonomous Agent overloaded with 991 tasks
[2026-09-03T10:18:27.170Z] [CYCLE] Operational cycle 92 complete (1:18:27 PM)
[2026-09-03T10:18:36.371Z] [OPTIMIZATION] Resource optimization improved to 100.0%
[2026-09-03T10:18:37.169Z] [DECISION] Plan carefully, then execute (Context: System load increasing, Risk: medium, Urgency: normal)
[2026-09-03T10:18:37.169Z] [AGENT-OVERLOAD] Agent order fulfillment overloaded with 16199 tasks
[2026-09-03T10:18:37.170Z] [AGENT-OVERLOAD] Agent 11 overloaded with 16199 tasks
[2026-09-03T10:18:37.170Z] [AGENT-OVERLOAD] Agent trading bot overloaded with 16198 tasks
[2026-09-03T10:18:37.171Z] [AGENT-OVERLOAD] Agent dropshiping make sue it eans 2000000 mounthly overloaded with 991 tasks
[2026-09-03T10:18:37.171Z] [AGENT-OVERLOAD] Agent Autonomous Agent overloaded with 991 tasks
[2026-09-03T10:18:37.172Z] [CYCLE] Operational cycle 93 complete (1:18:37 PM)
[2026-09-03T10:18:47.174Z] [DECISION] Plan carefully, then execute (Context: New pattern detected in operations, Risk: medium, Urgency: normal)
[2026-09-03T10:18:47.176Z] [AGENT-OVERLOAD] Agent order fulfillment overloaded with 16199 tasks
[2026-09-03T10:18:47.177Z] [AGENT-OVERLOAD] Agent 11 overloaded with 16199 tasks
[2026-09-03T10:18:47.179Z] [AGENT-OVERLOAD] Agent trading bot overloaded with 16198 tasks
[2026-09-03T10:18:47.181Z] [AGENT-OVERLOAD] Agent dropshiping make sue it eans 2000000 mounthly overloaded with 991 tasks
[2026-09-03T10:18:47.183Z] [AGENT-OVERLOAD] Agent Autonomous Agent overloaded with 991 tasks
[2026-09-03T10:18:47.185Z] [CYCLE] Operational cycle 94 complete (1:18:47 PM)
[2026-09-03T10:18:57.175Z] [DECISION] Plan carefully, then execute (Context: Resource allocation needs optimization, Risk: medium, Urgency: normal)
[2026-09-03T10:18:57.177Z] [AGENT-OVERLOAD] Agent order fulfillment overloaded with 16199 tasks
[2026-09-03T10:18:57.179Z] [AGENT-OVERLOAD] Agent 11 overloaded with 16199 tasks
[2026-09-03T10:18:57.181Z] [AGENT-OVERLOAD] Agent trading bot overloaded with 16198 tasks
[2026-09-03T10:18:57.183Z] [AGENT-OVERLOAD] Agent dropshiping make sue it eans 2000000 mounthly overloaded with 991 tasks
[2026-09-03T10:18:57.185Z] [AGENT-OVERLOAD] Agent Autonomous Agent overloaded with 991 tasks
[2026-09-03T10:18:57.186Z] [CYCLE] Operational cycle 95 complete (1:18:57 PM)
[2026-09-03T10:19:06.284Z] [METRICS] Cycles: 95, Tasks: 12, Decisions: 384, Uptime: 960s
[2026-09-03T10:19:06.385Z] [OPTIMIZATION] Resource optimization improved to 100.0%
[2026-09-03T10:19:07.177Z] [DECISION] Plan carefully, then execute (Context: System load increasing, Risk: medium, Urgency: normal)
[2026-09-03T10:19:07.179Z] [AGENT-OVERLOAD] Agent order fulfillment overloaded with 16199 tasks
[2026-09-03T10:19:07.181Z] [AGENT-OVERLOAD] Agent 11 overloaded with 16199 tasks
[2026-09-03T10:19:07.191Z] [AGENT-OVERLOAD] Agent trading bot overloaded with 16198 tasks
[2026-09-03T10:19:07.193Z] [AGENT-OVERLOAD] Agent dropshiping make sue it eans 2000000 mounthly overloaded with 991 tasks
[2026-09-03T10:19:07.199Z] [AGENT-OVERLOAD] Agent Autonomous Agent overloaded with 991 tasks
[2026-09-03T10:19:07.208Z] [CYCLE] Operational cycle 96 complete (1:19:07 PM)
[2026-09-03T10:19:17.186Z] [DECISION] Plan carefully, then execute (Context: New pattern detected in operations, Risk: medium, Urgency: normal)
[2026-09-03T10:19:17.187Z] [AGENT-OVERLOAD] Agent order fulfillment overloaded with 16199 tasks
[2026-09-03T10:19:17.188Z] [AGENT-OVERLOAD] Agent 11 overloaded with 16199 tasks
[2026-09-03T10:19:17.188Z] [AGENT-OVERLOAD] Agent trading bot overloaded with 16198 tasks
[2026-09-03T10:19:17.189Z] [AGENT-OVERLOAD] Agent dropshiping make sue it eans 2000000 mounthly overloaded with 991 tasks
[2026-09-03T10:19:17.190Z] [AGENT-OVERLOAD] Agent Autonomous Agent overloaded with 991 tasks
[2026-09-03T10:19:17.190Z] [CYCLE] Operational cycle 97 complete (1:19:17 PM)
[2026-09-03T10:19:27.185Z] [DECISION] Plan carefully, then execute (Context: Resource allocation needs optimization, Risk: medium, Urgency: normal)
[2026-09-03T10:19:27.186Z] [AGENT-OVERLOAD] Agent order fulfillment overloaded with 16199 tasks
[2026-09-03T10:19:27.186Z] [AGENT-OVERLOAD] Agent 11 overloaded with 16199 tasks
[2026-09-03T10:19:27.187Z] [AGENT-OVERLOAD] Agent trading bot overloaded with 16198 tasks
[2026-09-03T10:19:27.187Z] [AGENT-OVERLOAD] Agent dropshiping make sue it eans 2000000 mounthly overloaded with 991 tasks
[2026-09-03T10:19:27.188Z] [AGENT-OVERLOAD] Agent Autonomous Agent overloaded with 991 tasks
[2026-09-03T10:19:27.188Z] [CYCLE] Operational cycle 98 complete (1:19:27 PM)
[2026-09-03T10:19:32.571Z] [LEARNING] Created autonomous task template: a task to earn 10000000
[2026-09-03T10:19:36.385Z] [OPTIMIZATION] Resource optimization improved to 100.0%
[2026-09-03T10:19:37.185Z] [DECISION] Plan carefully, then execute (Context: Operational efficiency trending down, Risk: medium, Urgency: normal)
[2026-09-03T10:19:37.186Z] [AGENT-OVERLOAD] Agent order fulfillment overloaded with 16199 tasks
[2026-09-03T10:19:37.186Z] [AGENT-OVERLOAD] Agent 11 overloaded with 16199 tasks
[2026-09-03T10:19:37.187Z] [AGENT-OVERLOAD] Agent trading bot overloaded with 16198 tasks
[2026-09-03T10:19:37.187Z] [AGENT-OVERLOAD] Agent dropshiping make sue it eans 2000000 mounthly overloaded with 991 tasks
[2026-09-03T10:19:37.187Z] [AGENT-OVERLOAD] Agent Autonomous Agent overloaded with 991 tasks
[2026-09-03T10:19:37.188Z] [CYCLE] Operational cycle 99 complete (1:19:37 PM)
[2026-09-03T10:19:47.186Z] [DECISION] Plan carefully, then execute (Context: System load increasing, Risk: medium, Urgency: normal)
[2026-09-03T10:19:47.186Z] [AGENT-OVERLOAD] Agent order fulfillment overloaded with 16199 tasks
[2026-09-03T10:19:47.187Z] [AGENT-OVERLOAD] Agent 11 overloaded with 16199 tasks
[2026-09-03T10:19:47.187Z] [AGENT-OVERLOAD] Agent trading bot overloaded with 16198 tasks
[2026-09-03T10:19:47.187Z] [AGENT-OVERLOAD] Agent dropshiping make sue it eans 2000000 mounthly overloaded with 991 tasks
[2026-09-03T10:19:47.188Z] [AGENT-OVERLOAD] Agent Autonomous Agent overloaded with 991 tasks
[2026-09-03T10:19:47.188Z] [CYCLE] Operational cycle 100 complete (1:19:47 PM)
[2026-09-03T10:19:48.051Z] [LEARNING] Chat input: status" for system info
[2026-09-03T10:19:57.186Z] [DECISION] Plan carefully, then execute (Context: System load increasing, Risk: medium, Urgency: normal)
[2026-09-03T10:19:57.187Z] [AGENT-OVERLOAD] Agent order fulfillment overloaded with 16199 tasks
[2026-09-03T10:19:57.187Z] [AGENT-OVERLOAD] Agent 11 overloaded with 16199 tasks
[2026-09-03T10:19:57.187Z] [AGENT-OVERLOAD] Agent trading bot overloaded with 16198 tasks
[2026-09-03T10:19:57.188Z] [AGENT-OVERLOAD] Agent dropshiping make sue it eans 2000000 mounthly overloaded with 991 tasks
[2026-09-03T10:19:57.188Z] [AGENT-OVERLOAD] Agent Autonomous Agent overloaded with 991 tasks
[2026-09-03T10:19:57.188Z] [CYCLE] Operational cycle 101 complete (1:19:57 PM)
[2026-09-03T10:20:06.285Z] [METRICS] Cycles: 101, Tasks: 12, Decisions: 390, Uptime: 1020s
[2026-09-03T10:20:06.384Z] [OPTIMIZATION] Resource optimization improved to 100.0%
[2026-09-03T10:20:07.188Z] [DECISION] Plan carefully, then execute (Context: New pattern detected in operations, Risk: medium, Urgency: normal)
[2026-09-03T10:20:07.188Z] [AGENT-OVERLOAD] Agent order fulfillment overloaded with 16199 tasks
[2026-09-03T10:20:07.189Z] [AGENT-OVERLOAD] Agent 11 overloaded with 16199 tasks
[2026-09-03T10:20:07.189Z] [AGENT-OVERLOAD] Agent trading bot overloaded with 16198 tasks
[2026-09-03T10:20:07.189Z] [AGENT-OVERLOAD] Agent dropshiping make sue it eans 2000000 mounthly overloaded with 991 tasks
[2026-09-03T10:20:07.190Z] [AGENT-OVERLOAD] Agent Autonomous Agent overloaded with 991 tasks
[2026-09-03T10:20:07.190Z] [CYCLE] Operational cycle 102 complete (1:20:07 PM)
[2026-09-03T10:20:17.205Z] [DECISION] Plan carefully, then execute (Context: New pattern detected in operations, Risk: medium, Urgency: normal)
[2026-09-03T10:20:17.206Z] [AGENT-OVERLOAD] Agent order fulfillment overloaded with 16199 tasks
[2026-09-03T10:20:17.207Z] [AGENT-OVERLOAD] Agent 11 overloaded with 16199 tasks
[2026-09-03T10:20:17.207Z] [AGENT-OVERLOAD] Agent trading bot overloaded with 16198 tasks
[2026-09-03T10:20:17.208Z] [AGENT-OVERLOAD] Agent dropshiping make sue it eans 2000000 mounthly overloaded with 991 tasks
[2026-09-03T10:20:17.208Z] [AGENT-OVERLOAD] Agent Autonomous Agent overloaded with 991 tasks
[2026-09-03T10:20:17.209Z] [CYCLE] Operational cycle 103 complete (1:20:17 PM)
[2026-09-03T10:20:27.202Z] [DECISION] Plan carefully, then execute (Context: System load increasing, Risk: medium, Urgency: normal)
[2026-09-03T10:20:27.203Z] [AGENT-OVERLOAD] Agent order fulfillment overloaded with 16199 tasks
[2026-09-03T10:20:27.203Z] [AGENT-OVERLOAD] Agent 11 overloaded with 16199 tasks
[2026-09-03T10:20:27.203Z] [AGENT-OVERLOAD] Agent trading bot overloaded with 16198 tasks
[2026-09-03T10:20:27.204Z] [AGENT-OVERLOAD] Agent dropshiping make sue it eans 2000000 mounthly overloaded with 991 tasks
[2026-09-03T10:20:27.204Z] [AGENT-OVERLOAD] Agent Autonomous Agent overloaded with 991 tasks
[2026-09-03T10:20:27.205Z] [CYCLE] Operational cycle 104 complete (1:20:27 PM)
[2026-09-03T10:20:36.400Z] [OPTIMIZATION] Resource optimization improved to 100.0%
[2026-09-03T10:20:37.202Z] [DECISION] Plan carefully, then execute (Context: Operational efficiency trending down, Risk: medium, Urgency: normal)
[2026-09-03T10:20:37.203Z] [AGENT-OVERLOAD] Agent order fulfillment overloaded with 16199 tasks
[2026-09-03T10:20:37.203Z] [AGENT-OVERLOAD] Agent 11 overloaded with 16199 tasks
[2026-09-03T10:20:37.204Z] [AGENT-OVERLOAD] Agent trading bot overloaded with 16198 tasks
[2026-09-03T10:20:37.204Z] [AGENT-OVERLOAD] Agent dropshiping make sue it eans 2000000 mounthly overloaded with 991 tasks
[2026-09-03T10:20:37.204Z] [AGENT-OVERLOAD] Agent Autonomous Agent overloaded with 991 tasks
[2026-09-03T10:20:37.205Z] [CYCLE] Operational cycle 105 complete (1:20:37 PM)
[2026-09-03T10:20:43.950Z] [LEARNING] Chat input: can u ear money
[2026-09-03T10:20:47.203Z] [DECISION] Plan carefully, then execute (Context: Resource allocation needs optimization, Risk: medium, Urgency: normal)
[2026-09-03T10:20:47.203Z] [AGENT-OVERLOAD] Agent order fulfillment overloaded with 16199 tasks
[2026-09-03T10:20:47.204Z] [AGENT-OVERLOAD] Agent 11 overloaded with 16199 tasks
[2026-09-03T10:20:47.204Z] [AGENT-OVERLOAD] Agent trading bot overloaded with 16198 tasks
[2026-09-03T10:20:47.205Z] [AGENT-OVERLOAD] Agent dropshiping make sue it eans 2000000 mounthly overloaded with 991 tasks
[2026-09-03T10:20:47.205Z] [AGENT-OVERLOAD] Agent Autonomous Agent overloaded with 991 tasks
[2026-09-03T10:20:47.206Z] [CYCLE] Operational cycle 106 complete (1:20:47 PM)
[2026-09-03T10:20:57.203Z] [DECISION] Plan carefully, then execute (Context: Operational efficiency trending down, Risk: medium, Urgency: normal)
[2026-09-03T10:20:57.203Z] [AGENT-OVERLOAD] Agent order fulfillment overloaded with 16199 tasks
[2026-09-03T10:20:57.204Z] [AGENT-OVERLOAD] Agent 11 overloaded with 16199 tasks
[2026-09-03T10:20:57.204Z] [AGENT-OVERLOAD] Agent trading bot overloaded with 16198 tasks
[2026-09-03T10:20:57.204Z] [AGENT-OVERLOAD] Agent dropshiping make sue it eans 2000000 mounthly overloaded with 991 tasks
[2026-09-03T10:20:57.205Z] [AGENT-OVERLOAD] Agent Autonomous Agent overloaded with 991 tasks
[2026-09-03T10:20:57.205Z] [CYCLE] Operational cycle 107 complete (1:20:57 PM)
[2026-09-03T10:21:06.286Z] [METRICS] Cycles: 107, Tasks: 12, Decisions: 396, Uptime: 1080s
[2026-09-03T10:21:06.400Z] [OPTIMIZATION] Resource optimization improved to 100.0%
[2026-09-03T10:21:07.204Z] [DECISION] Plan carefully, then execute (Context: Operational efficiency trending down, Risk: medium, Urgency: normal)
[2026-09-03T10:21:07.205Z] [AGENT-OVERLOAD] Agent order fulfillment overloaded with 16199 tasks
[2026-09-03T10:21:07.206Z] [AGENT-OVERLOAD] Agent 11 overloaded with 16199 tasks
[2026-09-03T10:21:07.207Z] [AGENT-OVERLOAD] Agent trading bot overloaded with 16198 tasks
[2026-09-03T10:21:07.207Z] [AGENT-OVERLOAD] Agent dropshiping make sue it eans 2000000 mounthly overloaded with 991 tasks
[2026-09-03T10:21:07.207Z] [AGENT-OVERLOAD] Agent Autonomous Agent overloaded with 991 tasks
[2026-09-03T10:21:07.208Z] [CYCLE] Operational cycle 108 complete (1:21:07 PM)
[2026-09-03T10:21:17.223Z] [DECISION] Plan carefully, then execute (Context: System load increasing, Risk: medium, Urgency: normal)
[2026-09-03T10:21:17.224Z] [AGENT-OVERLOAD] Agent order fulfillment overloaded with 16199 tasks
[2026-09-03T10:21:17.226Z] [AGENT-OVERLOAD] Agent 11 overloaded with 16199 tasks
[2026-09-03T10:21:17.228Z] [AGENT-OVERLOAD] Agent trading bot overloaded with 16198 tasks
[2026-09-03T10:21:17.229Z] [AGENT-OVERLOAD] Agent dropshiping make sue it eans 2000000 mounthly overloaded with 991 tasks
[2026-09-03T10:21:17.229Z] [AGENT-OVERLOAD] Agent Autonomous Agent overloaded with 991 tasks
[2026-09-03T10:21:17.230Z] [CYCLE] Operational cycle 109 complete (1:21:17 PM)
[2026-09-03T10:21:27.225Z] [DECISION] Plan carefully, then execute (Context: New pattern detected in operations, Risk: medium, Urgency: normal)
[2026-09-03T10:21:27.227Z] [AGENT-OVERLOAD] Agent order fulfillment overloaded with 16199 tasks
[2026-09-03T10:21:27.229Z] [AGENT-OVERLOAD] Agent 11 overloaded with 16199 tasks
[2026-09-03T10:21:27.230Z] [AGENT-OVERLOAD] Agent trading bot overloaded with 16198 tasks
[2026-09-03T10:21:27.230Z] [AGENT-OVERLOAD] Agent dropshiping make sue it eans 2000000 mounthly overloaded with 991 tasks
[2026-09-03T10:21:27.231Z] [AGENT-OVERLOAD] Agent Autonomous Agent overloaded with 991 tasks
[2026-09-03T10:21:27.231Z] [CYCLE] Operational cycle 110 complete (1:21:27 PM)
[2026-09-03T10:21:36.408Z] [OPTIMIZATION] Resource optimization improved to 100.0%
[2026-09-03T10:21:37.222Z] [DECISION] Plan carefully, then execute (Context: New pattern detected in operations, Risk: medium, Urgency: normal)
[2026-09-03T10:21:37.223Z] [AGENT-OVERLOAD] Agent order fulfillment overloaded with 16199 tasks
[2026-09-03T10:21:37.224Z] [AGENT-OVERLOAD] Agent 11 overloaded with 16199 tasks
[2026-09-03T10:21:37.225Z] [AGENT-OVERLOAD] Agent trading bot overloaded with 16198 tasks
[2026-09-03T10:21:37.225Z] [AGENT-OVERLOAD] Agent dropshiping make sue it eans 2000000 mounthly overloaded with 991 tasks
[2026-09-03T10:21:37.226Z] [AGENT-OVERLOAD] Agent Autonomous Agent overloaded with 991 tasks
[2026-09-03T10:21:37.226Z] [CYCLE] Operational cycle 111 complete (1:21:37 PM)
[2026-09-03T10:21:47.223Z] [DECISION] Plan carefully, then execute (Context: Operational efficiency trending down, Risk: medium, Urgency: normal)
[2026-09-03T10:21:47.223Z] [AGENT-OVERLOAD] Agent order fulfillment overloaded with 16199 tasks
[2026-09-03T10:21:47.223Z] [AGENT-OVERLOAD] Agent 11 overloaded with 16199 tasks
[2026-09-03T10:21:47.224Z] [AGENT-OVERLOAD] Agent trading bot overloaded with 16198 tasks
[2026-09-03T10:21:47.224Z] [AGENT-OVERLOAD] Agent dropshiping make sue it eans 2000000 mounthly overloaded with 991 tasks
[2026-09-03T10:21:47.224Z] [AGENT-OVERLOAD] Agent Autonomous Agent overloaded with 991 tasks
[2026-09-03T10:21:47.225Z] [CYCLE] Operational cycle 112 complete (1:21:47 PM)
[2026-09-03T10:21:57.237Z] [DECISION] Plan carefully, then execute (Context: Operational efficiency trending down, Risk: medium, Urgency: normal)
[2026-09-03T10:21:57.237Z] [AGENT-OVERLOAD] Agent order fulfillment overloaded with 16199 tasks
[2026-09-03T10:21:57.238Z] [AGENT-OVERLOAD] Agent 11 overloaded with 16199 tasks
[2026-09-03T10:21:57.238Z] [AGENT-OVERLOAD] Agent trading bot overloaded with 16198 tasks
[2026-09-03T10:21:57.238Z] [AGENT-OVERLOAD] Agent dropshiping make sue it eans 2000000 mounthly overloaded with 991 tasks
[2026-09-03T10:21:57.239Z] [AGENT-OVERLOAD] Agent Autonomous Agent overloaded with 991 tasks
[2026-09-03T10:21:57.239Z] [CYCLE] Operational cycle 113 complete (1:21:57 PM)
[2026-09-03T10:22:06.287Z] [METRICS] Cycles: 113, Tasks: 12, Decisions: 402, Uptime: 1140s
[2026-09-03T10:22:06.419Z] [OPTIMIZATION] Resource optimization improved to 100.0%
[2026-09-03T10:22:07.237Z] [DECISION] Plan carefully, then execute (Context: Operational efficiency trending down, Risk: medium, Urgency: normal)
[2026-09-03T10:22:07.237Z] [AGENT-OVERLOAD] Agent order fulfillment overloaded with 16199 tasks
[2026-09-03T10:22:07.237Z] [AGENT-OVERLOAD] Agent 11 overloaded with 16199 tasks
[2026-09-03T10:22:07.238Z] [AGENT-OVERLOAD] Agent trading bot overloaded with 16198 tasks
[2026-09-03T10:22:07.238Z] [AGENT-OVERLOAD] Agent dropshiping make sue it eans 2000000 mounthly overloaded with 991 tasks
[2026-09-03T10:22:07.239Z] [AGENT-OVERLOAD] Agent Autonomous Agent overloaded with 991 tasks
[2026-09-03T10:22:07.239Z] [CYCLE] Operational cycle 114 complete (1:22:07 PM)
[2026-09-03T10:22:17.252Z] [DECISION] Plan carefully, then execute (Context: Operational efficiency trending down, Risk: medium, Urgency: normal)
[2026-09-03T10:22:17.252Z] [AGENT-OVERLOAD] Agent order fulfillment overloaded with 16199 tasks
[2026-09-03T10:22:17.252Z] [AGENT-OVERLOAD] Agent 11 overloaded with 16199 tasks
[2026-09-03T10:22:17.253Z] [AGENT-OVERLOAD] Agent trading bot overloaded with 16198 tasks
[2026-09-03T10:22:17.253Z] [AGENT-OVERLOAD] Agent dropshiping make sue it eans 2000000 mounthly overloaded with 991 tasks
[2026-09-03T10:22:17.254Z] [AGENT-OVERLOAD] Agent Autonomous Agent overloaded with 991 tasks
[2026-09-03T10:22:17.254Z] [CYCLE] Operational cycle 115 complete (1:22:17 PM)
[2026-09-03T10:22:27.268Z] [DECISION] Plan carefully, then execute (Context: Resource allocation needs optimization, Risk: medium, Urgency: normal)
[2026-09-03T10:22:27.269Z] [AGENT-OVERLOAD] Agent order fulfillment overloaded with 16199 tasks
[2026-09-03T10:22:27.270Z] [AGENT-OVERLOAD] Agent 11 overloaded with 16199 tasks
[2026-09-03T10:22:27.270Z] [AGENT-OVERLOAD] Agent trading bot overloaded with 16198 tasks
[2026-09-03T10:22:27.271Z] [AGENT-OVERLOAD] Agent dropshiping make sue it eans 2000000 mounthly overloaded with 991 tasks
[2026-09-03T10:22:27.271Z] [AGENT-OVERLOAD] Agent Autonomous Agent overloaded with 991 tasks
[2026-09-03T10:22:27.272Z] [CYCLE] Operational cycle 116 complete (1:22:27 PM)
[2026-09-03T10:22:36.431Z] [OPTIMIZATION] Resource optimization improved to 100.0%
[2026-09-03T10:22:37.269Z] [DECISION] Plan carefully, then execute (Context: System load increasing, Risk: medium, Urgency: normal)
[2026-09-03T10:22:37.270Z] [AGENT-OVERLOAD] Agent order fulfillment overloaded with 16199 tasks
[2026-09-03T10:22:37.270Z] [AGENT-OVERLOAD] Agent 11 overloaded with 16199 tasks
[2026-09-03T10:22:37.271Z] [AGENT-OVERLOAD] Agent trading bot overloaded with 16198 tasks
[2026-09-03T10:22:37.272Z] [AGENT-OVERLOAD] Agent dropshiping make sue it eans 2000000 mounthly overloaded with 991 tasks
[2026-09-03T10:22:37.273Z] [AGENT-OVERLOAD] Agent Autonomous Agent overloaded with 991 tasks
[2026-09-03T10:22:37.273Z] [CYCLE] Operational cycle 117 complete (1:22:37 PM)
[2026-09-03T10:22:47.286Z] [DECISION] Plan carefully, then execute (Context: Operational efficiency trending down, Risk: medium, Urgency: normal)
[2026-09-03T10:22:47.286Z] [AGENT-OVERLOAD] Agent order fulfillment overloaded with 16199 tasks
[2026-09-03T10:22:47.287Z] [AGENT-OVERLOAD] Agent 11 overloaded with 16199 tasks
[2026-09-03T10:22:47.287Z] [AGENT-OVERLOAD] Agent trading bot overloaded with 16198 tasks
[2026-09-03T10:22:47.288Z] [AGENT-OVERLOAD] Agent dropshiping make sue it eans 2000000 mounthly overloaded with 991 tasks
[2026-09-03T10:22:47.289Z] [AGENT-OVERLOAD] Agent Autonomous Agent overloaded with 991 tasks
[2026-09-03T10:22:47.289Z] [CYCLE] Operational cycle 118 complete (1:22:47 PM)
[2026-09-03T10:22:57.302Z] [DECISION] Plan carefully, then execute (Context: Operational efficiency trending down, Risk: medium, Urgency: normal)
[2026-09-03T10:22:57.303Z] [AGENT-OVERLOAD] Agent order fulfillment overloaded with 16199 tasks
[2026-09-03T10:22:57.304Z] [AGENT-OVERLOAD] Agent 11 overloaded with 16199 tasks
[2026-09-03T10:22:57.304Z] [AGENT-OVERLOAD] Agent trading bot overloaded with 16198 tasks
[2026-09-03T10:22:57.304Z] [AGENT-OVERLOAD] Agent dropshiping make sue it eans 2000000 mounthly overloaded with 991 tasks
[2026-09-03T10:22:57.305Z] [AGENT-OVERLOAD] Agent Autonomous Agent overloaded with 991 tasks
[2026-09-03T10:22:57.305Z] [CYCLE] Operational cycle 119 complete (1:22:57 PM)
[2026-09-03T10:23:06.301Z] [METRICS] Cycles: 119, Tasks: 12, Decisions: 408, Uptime: 1200s
[2026-09-03T10:23:06.441Z] [OPTIMIZATION] Resource optimization improved to 100.0%
[2026-09-03T10:23:07.304Z] [DECISION] Plan carefully, then execute (Context: New pattern detected in operations, Risk: medium, Urgency: normal)
[2026-09-03T10:23:07.305Z] [AGENT-OVERLOAD] Agent order fulfillment overloaded with 16199 tasks
[2026-09-03T10:23:07.305Z] [AGENT-OVERLOAD] Agent 11 overloaded with 16199 tasks
[2026-09-03T10:23:07.306Z] [AGENT-OVERLOAD] Agent trading bot overloaded with 16198 tasks
[2026-09-03T10:23:07.307Z] [AGENT-OVERLOAD] Agent dropshiping make sue it eans 2000000 mounthly overloaded with 991 tasks
[2026-09-03T10:23:07.307Z] [AGENT-OVERLOAD] Agent Autonomous Agent overloaded with 991 tasks
[2026-09-03T10:23:07.307Z] [CYCLE] Operational cycle 120 complete (1:23:07 PM)
[2026-09-03T10:23:11.896Z] [DECISION] Plan carefully, then execute (Context: a   creating a drone logistics company in east africa, Risk: medium, Urgency: normal)
[2026-09-03T10:23:17.308Z] [DECISION] Plan carefully, then execute (Context: System load increasing, Risk: medium, Urgency: normal)
[2026-09-03T10:23:17.310Z] [AGENT-OVERLOAD] Agent order fulfillment overloaded with 16199 tasks
[2026-09-03T10:23:17.311Z] [AGENT-OVERLOAD] Agent 11 overloaded with 16199 tasks
[2026-09-03T10:23:17.311Z] [AGENT-OVERLOAD] Agent trading bot overloaded with 16198 tasks
[2026-09-03T10:23:17.312Z] [AGENT-OVERLOAD] Agent dropshiping make sue it eans 2000000 mounthly overloaded with 991 tasks
[2026-09-03T10:23:17.313Z] [AGENT-OVERLOAD] Agent Autonomous Agent overloaded with 991 tasks
[2026-09-03T10:23:17.315Z] [CYCLE] Operational cycle 121 complete (1:23:17 PM)
[2026-09-03T10:23:27.338Z] [DECISION] Plan carefully, then execute (Context: New pattern detected in operations, Risk: medium, Urgency: normal)
[2026-09-03T10:23:27.341Z] [AGENT-OVERLOAD] Agent order fulfillment overloaded with 16199 tasks
[2026-09-03T10:23:27.343Z] [AGENT-OVERLOAD] Agent 11 overloaded with 16199 tasks
[2026-09-03T10:23:27.344Z] [AGENT-OVERLOAD] Agent trading bot overloaded with 16198 tasks
[2026-09-03T10:23:27.345Z] [AGENT-OVERLOAD] Agent dropshiping make sue it eans 2000000 mounthly overloaded with 991 tasks
[2026-09-03T10:23:27.346Z] [AGENT-OVERLOAD] Agent Autonomous Agent overloaded with 991 tasks
[2026-09-03T10:23:27.347Z] [CYCLE] Operational cycle 122 complete (1:23:27 PM)
[2026-09-03T10:23:36.452Z] [OPTIMIZATION] Resource optimization improved to 100.0%
[2026-09-03T10:23:37.330Z] [DECISION] Plan carefully, then execute (Context: Operational efficiency trending down, Risk: medium, Urgency: normal)
[2026-09-03T10:23:37.331Z] [AGENT-OVERLOAD] Agent order fulfillment overloaded with 16199 tasks
[2026-09-03T10:23:37.332Z] [AGENT-OVERLOAD] Agent 11 overloaded with 16199 tasks
[2026-09-03T10:23:37.334Z] [AGENT-OVERLOAD] Agent trading bot overloaded with 16198 tasks
[2026-09-03T10:23:37.336Z] [AGENT-OVERLOAD] Agent dropshiping make sue it eans 2000000 mounthly overloaded with 991 tasks
[2026-09-03T10:23:37.337Z] [AGENT-OVERLOAD] Agent Autonomous Agent overloaded with 991 tasks
[2026-09-03T10:23:37.339Z] [CYCLE] Operational cycle 123 complete (1:23:37 PM)
[2026-09-03T10:23:47.341Z] [DECISION] Plan carefully, then execute (Context: Resource allocation needs optimization, Risk: medium, Urgency: normal)
[2026-09-03T10:23:47.341Z] [AGENT-OVERLOAD] Agent order fulfillment overloaded with 16199 tasks
[2026-09-03T10:23:47.342Z] [AGENT-OVERLOAD] Agent 11 overloaded with 16199 tasks
[2026-09-03T10:23:47.343Z] [AGENT-OVERLOAD] Agent trading bot overloaded with 16198 tasks
[2026-09-03T10:23:47.344Z] [AGENT-OVERLOAD] Agent dropshiping make sue it eans 2000000 mounthly overloaded with 991 tasks
[2026-09-03T10:23:47.344Z] [AGENT-OVERLOAD] Agent Autonomous Agent overloaded with 991 tasks
[2026-09-03T10:23:47.345Z] [CYCLE] Operational cycle 124 complete (1:23:47 PM)
[2026-09-03T10:23:57.361Z] [DECISION] Plan carefully, then execute (Context: New pattern detected in operations, Risk: medium, Urgency: normal)
[2026-09-03T10:23:57.361Z] [AGENT-OVERLOAD] Agent order fulfillment overloaded with 16199 tasks
[2026-09-03T10:23:57.362Z] [AGENT-OVERLOAD] Agent 11 overloaded with 16199 tasks
[2026-09-03T10:23:57.363Z] [AGENT-OVERLOAD] Agent trading bot overloaded with 16198 tasks
[2026-09-03T10:23:57.364Z] [AGENT-OVERLOAD] Agent dropshiping make sue it eans 2000000 mounthly overloaded with 991 tasks
[2026-09-03T10:23:57.365Z] [AGENT-OVERLOAD] Agent Autonomous Agent overloaded with 991 tasks
[2026-09-03T10:23:57.377Z] [CYCLE] Operational cycle 125 complete (1:23:57 PM)
[2026-09-03T10:24:06.305Z] [METRICS] Cycles: 125, Tasks: 12, Decisions: 414, Uptime: 1260s
[2026-09-03T10:24:06.469Z] [OPTIMIZATION] Resource optimization improved to 100.0%
[2026-09-03T10:24:07.372Z] [DECISION] Plan carefully, then execute (Context: Resource allocation needs optimization, Risk: medium, Urgency: normal)
[2026-09-03T10:24:07.372Z] [AGENT-OVERLOAD] Agent order fulfillment overloaded with 16199 tasks
[2026-09-03T10:24:07.373Z] [AGENT-OVERLOAD] Agent 11 overloaded with 16199 tasks
[2026-09-03T10:24:07.373Z] [AGENT-OVERLOAD] Agent trading bot overloaded with 16198 tasks
[2026-09-03T10:24:07.374Z] [AGENT-OVERLOAD] Agent dropshiping make sue it eans 2000000 mounthly overloaded with 991 tasks
[2026-09-03T10:24:07.374Z] [AGENT-OVERLOAD] Agent Autonomous Agent overloaded with 991 tasks
[2026-09-03T10:24:07.375Z] [CYCLE] Operational cycle 126 complete (1:24:07 PM)
[2026-09-03T10:24:17.393Z] [DECISION] Plan carefully, then execute (Context: System load increasing, Risk: medium, Urgency: normal)
[2026-09-03T10:24:17.395Z] [AGENT-OVERLOAD] Agent order fulfillment overloaded with 16199 tasks
[2026-09-03T10:24:17.397Z] [AGENT-OVERLOAD] Agent 11 overloaded with 16199 tasks
[2026-09-03T10:24:17.402Z] [AGENT-OVERLOAD] Agent trading bot overloaded with 16198 tasks
[2026-09-03T10:24:17.404Z] [AGENT-OVERLOAD] Agent dropshiping make sue it eans 2000000 mounthly overloaded with 991 tasks
[2026-09-03T10:24:17.406Z] [AGENT-OVERLOAD] Agent Autonomous Agent overloaded with 991 tasks
[2026-09-03T10:24:17.408Z] [CYCLE] Operational cycle 127 complete (1:24:17 PM)
[2026-09-03T10:24:27.394Z] [DECISION] Plan carefully, then execute (Context: New pattern detected in operations, Risk: medium, Urgency: normal)
[2026-09-03T10:24:27.395Z] [AGENT-OVERLOAD] Agent order fulfillment overloaded with 16199 tasks
[2026-09-03T10:24:27.396Z] [AGENT-OVERLOAD] Agent 11 overloaded with 16199 tasks
[2026-09-03T10:24:27.398Z] [AGENT-OVERLOAD] Agent trading bot overloaded with 16198 tasks
[2026-09-03T10:24:27.404Z] [AGENT-OVERLOAD] Agent dropshiping make sue it eans 2000000 mounthly overloaded with 991 tasks
[2026-09-03T10:24:27.407Z] [AGENT-OVERLOAD] Agent Autonomous Agent overloaded with 991 tasks
[2026-09-03T10:24:27.409Z] [CYCLE] Operational cycle 128 complete (1:24:27 PM)
[2026-09-03T10:24:36.480Z] [OPTIMIZATION] Resource optimization improved to 100.0%
[2026-09-03T10:24:37.409Z] [DECISION] Plan carefully, then execute (Context: System load increasing, Risk: medium, Urgency: normal)
[2026-09-03T10:24:37.411Z] [AGENT-OVERLOAD] Agent order fulfillment overloaded with 16199 tasks
[2026-09-03T10:24:37.413Z] [AGENT-OVERLOAD] Agent 11 overloaded with 16199 tasks
[2026-09-03T10:24:37.413Z] [AGENT-OVERLOAD] Agent trading bot overloaded with 16198 tasks
[2026-09-03T10:24:37.414Z] [AGENT-OVERLOAD] Agent dropshiping make sue it eans 2000000 mounthly overloaded with 991 tasks
[2026-09-03T10:24:37.415Z] [AGENT-OVERLOAD] Agent Autonomous Agent overloaded with 991 tasks
[2026-09-03T10:24:37.419Z] [CYCLE] Operational cycle 129 complete (1:24:37 PM)
[2026-09-03T10:24:47.427Z] [DECISION] Plan carefully, then execute (Context: Operational efficiency trending down, Risk: medium, Urgency: normal)
[2026-09-03T10:24:47.428Z] [AGENT-OVERLOAD] Agent order fulfillment overloaded with 16199 tasks
[2026-09-03T10:24:47.430Z] [AGENT-OVERLOAD] Agent 11 overloaded with 16199 tasks
[2026-09-03T10:24:47.432Z] [AGENT-OVERLOAD] Agent trading bot overloaded with 16198 tasks
[2026-09-03T10:24:47.438Z] [AGENT-OVERLOAD] Agent dropshiping make sue it eans 2000000 mounthly overloaded with 991 tasks
[2026-09-03T10:24:47.440Z] [AGENT-OVERLOAD] Agent Autonomous Agent overloaded with 991 tasks
[2026-09-03T10:24:47.441Z] [CYCLE] Operational cycle 130 complete (1:24:47 PM)
[2026-09-03T10:24:57.441Z] [DECISION] Plan carefully, then execute (Context: System load increasing, Risk: medium, Urgency: normal)
[2026-09-03T10:24:57.444Z] [AGENT-OVERLOAD] Agent order fulfillment overloaded with 16199 tasks
[2026-09-03T10:24:57.446Z] [AGENT-OVERLOAD] Agent 11 overloaded with 16199 tasks
[2026-09-03T10:24:57.449Z] [AGENT-OVERLOAD] Agent trading bot overloaded with 16198 tasks
[2026-09-03T10:24:57.452Z] [AGENT-OVERLOAD] Agent dropshiping make sue it eans 2000000 mounthly overloaded with 991 tasks
[2026-09-03T10:24:57.454Z] [AGENT-OVERLOAD] Agent Autonomous Agent overloaded with 991 tasks
[2026-09-03T10:24:57.456Z] [CYCLE] Operational cycle 131 complete (1:24:57 PM)
[2026-09-03T10:25:06.321Z] [METRICS] Cycles: 131, Tasks: 12, Decisions: 420, Uptime: 1320s
[2026-09-03T10:25:06.486Z] [OPTIMIZATION] Resource optimization improved to 100.0%
[2026-09-03T10:25:07.447Z] [DECISION] Plan carefully, then execute (Context: Resource allocation needs optimization, Risk: medium, Urgency: normal)
[2026-09-03T10:25:07.449Z] [AGENT-OVERLOAD] Agent order fulfillment overloaded with 16199 tasks
[2026-09-03T10:25:07.456Z] [AGENT-OVERLOAD] Agent 11 overloaded with 16199 tasks
[2026-09-03T10:25:07.457Z] [AGENT-OVERLOAD] Agent trading bot overloaded with 16198 tasks
[2026-09-03T10:25:07.460Z] [AGENT-OVERLOAD] Agent dropshiping make sue it eans 2000000 mounthly overloaded with 991 tasks
[2026-09-03T10:25:07.462Z] [AGENT-OVERLOAD] Agent Autonomous Agent overloaded with 991 tasks
[2026-09-03T10:25:07.463Z] [CYCLE] Operational cycle 132 complete (1:25:07 PM)
[2026-09-03T10:25:17.460Z] [DECISION] Plan carefully, then execute (Context: Resource allocation needs optimization, Risk: medium, Urgency: normal)
[2026-09-03T10:25:17.463Z] [AGENT-OVERLOAD] Agent order fulfillment overloaded with 16199 tasks
[2026-09-03T10:25:17.464Z] [AGENT-OVERLOAD] Agent 11 overloaded with 16199 tasks
[2026-09-03T10:25:17.465Z] [AGENT-OVERLOAD] Agent trading bot overloaded with 16198 tasks
[2026-09-03T10:25:17.470Z] [AGENT-OVERLOAD] Agent dropshiping make sue it eans 2000000 mounthly overloaded with 991 tasks
[2026-09-03T10:25:17.471Z] [AGENT-OVERLOAD] Agent Autonomous Agent overloaded with 991 tasks
[2026-09-03T10:25:17.473Z] [CYCLE] Operational cycle 133 complete (1:25:17 PM)
[2026-09-03T10:25:27.475Z] [DECISION] Plan carefully, then execute (Context: Resource allocation needs optimization, Risk: medium, Urgency: normal)
[2026-09-03T10:25:27.475Z] [AGENT-OVERLOAD] Agent order fulfillment overloaded with 16199 tasks
[2026-09-03T10:25:27.476Z] [AGENT-OVERLOAD] Agent 11 overloaded with 16199 tasks
[2026-09-03T10:25:27.476Z] [AGENT-OVERLOAD] Agent trading bot overloaded with 16198 tasks
[2026-09-03T10:25:27.477Z] [AGENT-OVERLOAD] Agent dropshiping make sue it eans 2000000 mounthly overloaded with 991 tasks
[2026-09-03T10:25:27.477Z] [AGENT-OVERLOAD] Agent Autonomous Agent overloaded with 991 tasks
[2026-09-03T10:25:27.478Z] [CYCLE] Operational cycle 134 complete (1:25:27 PM)
[2026-09-03T10:25:36.501Z] [OPTIMIZATION] Resource optimization improved to 100.0%
[2026-09-03T10:25:37.486Z] [DECISION] Plan carefully, then execute (Context: Resource allocation needs optimization, Risk: medium, Urgency: normal)
[2026-09-03T10:25:37.487Z] [AGENT-OVERLOAD] Agent order fulfillment overloaded with 16199 tasks
[2026-09-03T10:25:37.488Z] [AGENT-OVERLOAD] Agent 11 overloaded with 16199 tasks
[2026-09-03T10:25:37.488Z] [AGENT-OVERLOAD] Agent trading bot overloaded with 16198 tasks
[2026-09-03T10:25:37.490Z] [AGENT-OVERLOAD] Agent dropshiping make sue it eans 2000000 mounthly overloaded with 991 tasks
[2026-09-03T10:25:37.490Z] [AGENT-OVERLOAD] Agent Autonomous Agent overloaded with 991 tasks
[2026-09-03T10:25:37.491Z] [CYCLE] Operational cycle 135 complete (1:25:37 PM)
[2026-09-03T10:25:47.486Z] [DECISION] Plan carefully, then execute (Context: Operational efficiency trending down, Risk: medium, Urgency: normal)
[2026-09-03T10:25:47.486Z] [AGENT-OVERLOAD] Agent order fulfillment overloaded with 16199 tasks
[2026-09-03T10:25:47.487Z] [AGENT-OVERLOAD] Agent 11 overloaded with 16199 tasks
[2026-09-03T10:25:47.488Z] [AGENT-OVERLOAD] Agent trading bot overloaded with 16198 tasks
[2026-09-03T10:25:47.489Z] [AGENT-OVERLOAD] Agent dropshiping make sue it eans 2000000 mounthly overloaded with 991 tasks
[2026-09-03T10:25:47.489Z] [AGENT-OVERLOAD] Agent Autonomous Agent overloaded with 991 tasks
[2026-09-03T10:25:47.490Z] [CYCLE] Operational cycle 136 complete (1:25:47 PM)
[2026-09-03T10:25:57.491Z] [DECISION] Plan carefully, then execute (Context: Operational efficiency trending down, Risk: medium, Urgency: normal)
[2026-09-03T10:25:57.492Z] [AGENT-OVERLOAD] Agent order fulfillment overloaded with 16199 tasks
[2026-09-03T10:25:57.492Z] [AGENT-OVERLOAD] Agent 11 overloaded with 16199 tasks
[2026-09-03T10:25:57.493Z] [AGENT-OVERLOAD] Agent trading bot overloaded with 16198 tasks
[2026-09-03T10:25:57.494Z] [AGENT-OVERLOAD] Agent dropshiping make sue it eans 2000000 mounthly overloaded with 991 tasks
[2026-09-03T10:25:57.494Z] [AGENT-OVERLOAD] Agent Autonomous Agent overloaded with 991 tasks
[2026-09-03T10:25:57.495Z] [CYCLE] Operational cycle 137 complete (1:25:57 PM)
[2026-09-03T10:26:06.337Z] [METRICS] Cycles: 137, Tasks: 12, Decisions: 426, Uptime: 1380s
[2026-09-03T10:26:06.519Z] [OPTIMIZATION] Resource optimization improved to 100.0%
[2026-09-03T10:26:07.507Z] [DECISION] Plan carefully, then execute (Context: New pattern detected in operations, Risk: medium, Urgency: normal)
[2026-09-03T10:26:07.508Z] [AGENT-OVERLOAD] Agent order fulfillment overloaded with 16199 tasks
[2026-09-03T10:26:07.509Z] [AGENT-OVERLOAD] Agent 11 overloaded with 16199 tasks
[2026-09-03T10:26:07.510Z] [AGENT-OVERLOAD] Agent trading bot overloaded with 16198 tasks
[2026-09-03T10:26:07.512Z] [AGENT-OVERLOAD] Agent dropshiping make sue it eans 2000000 mounthly overloaded with 991 tasks
[2026-09-03T10:26:07.513Z] [AGENT-OVERLOAD] Agent Autonomous Agent overloaded with 991 tasks
[2026-09-03T10:26:07.513Z] [CYCLE] Operational cycle 138 complete (1:26:07 PM)
[2026-09-03T10:26:17.522Z] [DECISION] Plan carefully, then execute (Context: System load increasing, Risk: medium, Urgency: normal)
[2026-09-03T10:26:17.523Z] [AGENT-OVERLOAD] Agent order fulfillment overloaded with 16199 tasks
[2026-09-03T10:26:17.524Z] [AGENT-OVERLOAD] Agent 11 overloaded with 16199 tasks
[2026-09-03T10:26:17.525Z] [AGENT-OVERLOAD] Agent trading bot overloaded with 16198 tasks
[2026-09-03T10:26:17.527Z] [AGENT-OVERLOAD] Agent dropshiping make sue it eans 2000000 mounthly overloaded with 991 tasks
[2026-09-03T10:26:17.528Z] [AGENT-OVERLOAD] Agent Autonomous Agent overloaded with 991 tasks
[2026-09-03T10:26:17.529Z] [CYCLE] Operational cycle 139 complete (1:26:17 PM)
[2026-09-03T10:26:27.693Z] [LEARNING] Auto-adapted to performance drop
[2026-09-03T10:26:28.447Z] [LEARNING] Auto-adapted to performance drop
[2026-09-03T10:26:32.707Z] [LEARNING] Auto-adapted to performance drop
[2026-09-03T10:26:33.466Z] [LEARNING] Auto-adapted to performance drop
[2026-09-03T10:34:09.184Z] [LEARNING] Auto-adapted to performance drop
[2026-09-03T10:34:14.184Z] [LEARNING] Auto-adapted to performance drop
[2026-09-03T10:34:25.261Z] [LEARNING] Created autonomous task template: Custom Task
[2026-09-03T10:48:56.677Z] [LEARNING] Chat input: Execute high-priority revenue generation protocol: sc
[2026-09-03T10:48:56.922Z] [LEARNING] Created autonomous task template: Custom Task
[2026-09-03T10:48:56.974Z] [LEARNING] Chat input: iiss  sseeccuurreedd..""
[2026-09-03T10:49:04.909Z] [LEARNING] Chat input: Execute high-priority revenue generation protocol: sc
[2026-09-03T10:49:05.009Z] [LEARNING] Created autonomous task template: Custom Task
[2026-09-03T10:49:05.088Z] [LEARNING] Chat input: iiss  sseeccuurreedd..""
[2026-09-03T10:49:26.708Z] [LEARNING] Chat input: 2
[2026-09-03T10:50:04.019Z] [LEARNING] Created autonomous task template: a task to mae 1000000000000000000000000 revenue secured
[2026-09-03T10:50:23.300Z] [LEARNING] Chat input: exit
[2026-09-03T10:50:23.371Z] [LEARNING] Chat session: 10 turns
[2026-09-03T19:01:09.402Z] [LEARNING] Auto-adapted to performance drop
[2026-09-03T19:01:14.398Z] [LEARNING] Auto-adapted to performance drop
[2026-09-03T19:02:14.369Z] [LEARNING] Auto-adapted to performance drop
[2026-09-03T19:02:19.381Z] [LEARNING] Auto-adapted to performance drop
[2026-09-03T19:03:48.631Z] [LEARNING] Created autonomous task template: The Business Saver
[2026-09-03T19:39:04.386Z] [LEARNING] Auto-adapted to performance drop
[2026-09-03T19:39:09.387Z] [LEARNING] Auto-adapted to performance drop
[2026-09-04T10:07:52.451Z] [LEARNING] Auto-adapted to performance drop
[2026-09-04T10:07:57.423Z] [LEARNING] Auto-adapted to performance drop
[2026-09-04T11:02:14.081Z] [LEARNING] Auto-adapted to performance drop
[2026-09-04T11:02:19.074Z] [EXECUTION] Executing: Market Data Analysis
[2026-09-04T11:05:16.241Z] [LEARNING] Auto-adapted to performance drop
[2026-09-04T11:05:20.255Z] [EXECUTION] Executing: Market Data Analysis
[2026-09-04T11:07:27.830Z] [LEARNING] Auto-adapted to performance drop
[2026-09-04T11:07:32.838Z] [LEARNING] Auto-adapted to performance drop
[2026-09-04T11:07:48.293Z] [EXECUTION] Executing: Market Data Analysis
[2026-09-04T11:09:17.239Z] [LEARNING] Auto-adapted to performance drop
[2026-09-04T11:09:22.239Z] [LEARNING] Auto-adapted to performance drop
[2026-09-04T11:09:23.812Z] [EXECUTION] Executing: Market Data Analysis
[2026-09-09T00:31:23.000Z] F.R.I.D.A.Y. Autonomous Agent Core initialized. Execution loop running every 30 minutes.
[2026-09-09T00:31:23.016Z] Autonomous queue empty. Awaiting new directive vectors.
